2026-01-21 16:14:41.608 [restartedMain] INFO  com.student.system.StudentSystemApplication - Starting StudentSystemApplication using Java 17.0.17 with PID 37954 (/Users/jay/Desktop/project/backend/target/classes started by jay in /Users/jay/Desktop/project/backend)
2026-01-21 16:14:41.609 [restartedMain] DEBUG com.student.system.StudentSystemApplication - Running with Spring Boot v3.2.1, Spring v6.1.2
2026-01-21 16:14:41.609 [restartedMain] INFO  com.student.system.StudentSystemApplication - No active profile set, falling back to 1 default profile: "default"
2026-01-21 16:14:41.633 [restartedMain] INFO  o.s.b.d.env.DevToolsPropertyDefaultsPostProcessor - Devtools property defaults active! Set 'spring.devtools.add-properties' to 'false' to disable
2026-01-21 16:14:41.633 [restartedMain] INFO  o.s.b.d.env.DevToolsPropertyDefaultsPostProcessor - For additional web related logging consider setting the 'logging.level.web' property to 'DEBUG'
2026-01-21 16:14:42.064 [restartedMain] INFO  o.s.d.r.config.RepositoryConfigurationDelegate - Multiple Spring Data modules found, entering strict repository configuration mode
2026-01-21 16:14:42.065 [restartedMain] INFO  o.s.d.r.config.RepositoryConfigurationDelegate - Bootstrapping Spring Data Redis repositories in DEFAULT mode.
2026-01-21 16:14:42.077 [restartedMain] INFO  o.s.d.r.config.RepositoryConfigurationDelegate - Finished Spring Data repository scanning in 6 ms. Found 0 Redis repository interfaces.
2026-01-21 16:14:42.148 [restartedMain] WARN  org.mybatis.spring.mapper.ClassPathMapperScanner - No MyBatis mapper was found in '[com.student.system.mapper]' package. Please check your configuration.
2026-01-21 16:14:42.637 [restartedMain] INFO  o.s.boot.web.embedded.tomcat.TomcatWebServer - Tomcat initialized with port 8088 (http)
2026-01-21 16:14:42.643 [restartedMain] INFO  org.apache.catalina.core.StandardService - Starting service [Tomcat]
2026-01-21 16:14:42.643 [restartedMain] INFO  org.apache.catalina.core.StandardEngine - Starting Servlet engine: [Apache Tomcat/10.1.17]
2026-01-21 16:14:42.663 [restartedMain] INFO  o.a.c.c.ContainerBase.[Tomcat].[localhost].[/api] - Initializing Spring embedded WebApplicationContext
2026-01-21 16:14:42.664 [restartedMain] INFO  o.s.b.w.s.c.ServletWebServerApplicationContext - Root WebApplicationContext: initialization completed in 1031 ms
2026-01-21 16:14:43.642 [restartedMain] WARN  o.s.b.a.s.s.UserDetailsServiceAutoConfiguration - 

Using generated security password: b19ecf95-e6c2-4405-a3bb-9a0b8533fa06

This generated password is for development use only. Your security configuration must be updated before running your application in production.

2026-01-21 16:14:43.725 [restartedMain] INFO  o.s.b.actuate.endpoint.web.EndpointLinksResolver - Exposing 4 endpoint(s) beneath base path '/actuator'
2026-01-21 16:14:43.761 [restartedMain] INFO  o.s.security.web.DefaultSecurityFilterChain - Will secure any request with [org.springframework.security.web.session.DisableEncodeUrlFilter@77e2b8ee, org.springframework.security.web.context.request.async.WebAsyncManagerIntegrationFilter@4c9e2c2b, org.springframework.security.web.context.SecurityContextHolderFilter@30dc52e9, org.springframework.security.web.header.HeaderWriterFilter@19ad2f83, org.springframework.web.filter.CorsFilter@67872775, org.springframework.security.web.csrf.CsrfFilter@3ba11192, org.springframework.security.web.authentication.logout.LogoutFilter@4b8c3211, org.springframework.security.web.authentication.UsernamePasswordAuthenticationFilter@7f9ca1e, org.springframework.security.web.authentication.ui.DefaultLoginPageGeneratingFilter@64aff7b3, org.springframework.security.web.authentication.ui.DefaultLogoutPageGeneratingFilter@28013642, org.springframework.security.web.authentication.www.BasicAuthenticationFilter@59d49e82, org.springframework.security.web.savedrequest.RequestCacheAwareFilter@29046f06, org.springframework.security.web.servletapi.SecurityContextHolderAwareRequestFilter@3509c5ce, org.springframework.security.web.authentication.AnonymousAuthenticationFilter@4a46ce64, org.springframework.security.web.access.ExceptionTranslationFilter@3bf22f17, org.springframework.security.web.access.intercept.AuthorizationFilter@2945401f]
2026-01-21 16:14:43.959 [restartedMain] INFO  o.s.b.d.autoconfigure.OptionalLiveReloadServer - LiveReload server is running on port 35729
2026-01-21 16:14:43.998 [restartedMain] INFO  o.s.boot.web.embedded.tomcat.TomcatWebServer - Tomcat started on port 8088 (http) with context path '/api'
2026-01-21 16:14:44.009 [restartedMain] INFO  com.student.system.StudentSystemApplication - Started StudentSystemApplication in 2.6 seconds (process running for 2.799)
2026-01-21 16:15:03.445 [http-nio-8088-exec-1] INFO  o.a.c.c.ContainerBase.[Tomcat].[localhost].[/api] - Initializing Spring DispatcherServlet 'dispatcherServlet'
2026-01-21 16:15:03.446 [http-nio-8088-exec-1] INFO  org.springframework.web.servlet.DispatcherServlet - Initializing Servlet 'dispatcherServlet'
2026-01-21 16:15:03.460 [http-nio-8088-exec-1] INFO  org.springframework.web.servlet.DispatcherServlet - Completed initialization in 14 ms
2026-01-21 16:17:56.162 [File Watcher] INFO  o.s.b.d.a.LocalDevToolsAutoConfiguration$RestartingClassPathChangeChangedEventListener - Restarting due to 1 class path change (1 addition, 0 deletions, 0 modifications)
2026-01-21 16:17:57.645 [restartedMain] INFO  com.student.system.StudentSystemApplication - Starting StudentSystemApplication using Java 17.0.17 with PID 37954 (/Users/jay/Desktop/project/backend/target/classes started by jay in /Users/jay/Desktop/project/backend)
2026-01-21 16:17:57.645 [restartedMain] DEBUG com.student.system.StudentSystemApplication - Running with Spring Boot v3.2.1, Spring v6.1.2
2026-01-21 16:17:57.645 [restartedMain] INFO  com.student.system.StudentSystemApplication - No active profile set, falling back to 1 default profile: "default"
2026-01-21 16:17:57.774 [restartedMain] INFO  o.s.d.r.config.RepositoryConfigurationDelegate - Multiple Spring Data modules found, entering strict repository configuration mode
2026-01-21 16:17:57.774 [restartedMain] INFO  o.s.d.r.config.RepositoryConfigurationDelegate - Bootstrapping Spring Data Redis repositories in DEFAULT mode.
2026-01-21 16:17:57.775 [restartedMain] INFO  o.s.d.r.config.RepositoryConfigurationDelegate - Finished Spring Data repository scanning in 0 ms. Found 0 Redis repository interfaces.
2026-01-21 16:17:57.796 [restartedMain] WARN  org.mybatis.spring.mapper.ClassPathMapperScanner - No MyBatis mapper was found in '[com.student.system.mapper]' package. Please check your configuration.
2026-01-21 16:17:57.917 [restartedMain] INFO  o.s.boot.web.embedded.tomcat.TomcatWebServer - Tomcat initialized with port 8088 (http)
2026-01-21 16:17:57.918 [restartedMain] INFO  org.apache.catalina.core.StandardService - Starting service [Tomcat]
2026-01-21 16:17:57.918 [restartedMain] INFO  org.apache.catalina.core.StandardEngine - Starting Servlet engine: [Apache Tomcat/10.1.17]
2026-01-21 16:17:57.922 [restartedMain] INFO  o.a.c.c.ContainerBase.[Tomcat].[localhost].[/api] - Initializing Spring embedded WebApplicationContext
2026-01-21 16:17:57.922 [restartedMain] INFO  o.s.b.w.s.c.ServletWebServerApplicationContext - Root WebApplicationContext: initialization completed in 276 ms
2026-01-21 16:17:58.041 [restartedMain] WARN  o.s.b.a.s.s.UserDetailsServiceAutoConfiguration - 

Using generated security password: 52ac2f1a-836f-455a-82ac-a3bb6c9a8d08

This generated password is for development use only. Your security configuration must be updated before running your application in production.

2026-01-21 16:17:58.284 [restartedMain] INFO  o.s.b.actuate.endpoint.web.EndpointLinksResolver - Exposing 4 endpoint(s) beneath base path '/actuator'
2026-01-21 16:17:58.352 [restartedMain] INFO  o.s.security.web.DefaultSecurityFilterChain - Will secure any request with [org.springframework.security.web.session.DisableEncodeUrlFilter@3f74d3af, org.springframework.security.web.context.request.async.WebAsyncManagerIntegrationFilter@7a69bd7e, org.springframework.security.web.context.SecurityContextHolderFilter@3447d382, org.springframework.security.web.header.HeaderWriterFilter@3c9ed2fd, org.springframework.security.web.authentication.logout.LogoutFilter@7f6048d3, org.springframework.security.web.savedrequest.RequestCacheAwareFilter@5d7b26ee, org.springframework.security.web.servletapi.SecurityContextHolderAwareRequestFilter@6b502a19, org.springframework.security.web.authentication.AnonymousAuthenticationFilter@536f2991, org.springframework.security.web.session.SessionManagementFilter@34de7ee4, org.springframework.security.web.access.ExceptionTranslationFilter@13ea5662, org.springframework.security.web.access.intercept.AuthorizationFilter@15e83821]
2026-01-21 16:17:58.705 [restartedMain] INFO  o.s.b.d.autoconfigure.OptionalLiveReloadServer - LiveReload server is running on port 35729
2026-01-21 16:17:58.718 [restartedMain] INFO  o.s.boot.web.embedded.tomcat.TomcatWebServer - Tomcat started on port 8088 (http) with context path '/api'
2026-01-21 16:17:58.724 [restartedMain] INFO  com.student.system.StudentSystemApplication - Started StudentSystemApplication in 1.094 seconds (process running for 197.514)
2026-01-21 16:17:58.727 [restartedMain] INFO  o.s.b.d.a.ConditionEvaluationDeltaLoggingListener - Condition evaluation delta:


==========================
CONDITION EVALUATION DELTA
==========================


Positive matches:
-----------------

    None


Negative matches:
-----------------

   ManagementWebSecurityAutoConfiguration:
      Did not match:
         - AllNestedConditions 1 matched 1 did not; NestedCondition on DefaultWebSecurityCondition.Beans @ConditionalOnMissingBean (types: org.springframework.security.web.SecurityFilterChain; SearchStrategy: all) found beans of type 'org.springframework.security.web.SecurityFilterChain' securityFilterChain; NestedCondition on DefaultWebSecurityCondition.Classes @ConditionalOnClass found required classes 'org.springframework.security.web.SecurityFilterChain', 'org.springframework.security.config.annotation.web.builders.HttpSecurity' (DefaultWebSecurityCondition)
      Matched:
         - found 'session' scope (OnWebApplicationCondition)

   SpringBootWebSecurityConfiguration.WebSecurityEnablerConfiguration:
      Did not match:
         - @ConditionalOnMissingBean (names: springSecurityFilterChain; SearchStrategy: all) found beans named springSecurityFilterChain (OnBeanCondition)
      Matched:
         - @ConditionalOnClass found required class 'org.springframework.security.config.annotation.web.configuration.EnableWebSecurity' (OnClassCondition)


Exclusions:
-----------

    None


Unconditional classes:
----------------------

    None



2026-01-21 16:18:28.369 [File Watcher] INFO  o.s.b.d.a.LocalDevToolsAutoConfiguration$RestartingClassPathChangeChangedEventListener - Restarting due to 1 class path change (1 addition, 0 deletions, 0 modifications)
2026-01-21 16:18:29.245 [restartedMain] INFO  com.student.system.StudentSystemApplication - Starting StudentSystemApplication using Java 17.0.17 with PID 37954 (/Users/jay/Desktop/project/backend/target/classes started by jay in /Users/jay/Desktop/project/backend)
2026-01-21 16:18:29.245 [restartedMain] DEBUG com.student.system.StudentSystemApplication - Running with Spring Boot v3.2.1, Spring v6.1.2
2026-01-21 16:18:29.245 [restartedMain] INFO  com.student.system.StudentSystemApplication - No active profile set, falling back to 1 default profile: "default"
2026-01-21 16:18:29.363 [restartedMain] INFO  o.s.d.r.config.RepositoryConfigurationDelegate - Multiple Spring Data modules found, entering strict repository configuration mode
2026-01-21 16:18:29.363 [restartedMain] INFO  o.s.d.r.config.RepositoryConfigurationDelegate - Bootstrapping Spring Data Redis repositories in DEFAULT mode.
2026-01-21 16:18:29.364 [restartedMain] INFO  o.s.d.r.config.RepositoryConfigurationDelegate - Finished Spring Data repository scanning in 0 ms. Found 0 Redis repository interfaces.
2026-01-21 16:18:29.387 [restartedMain] WARN  org.mybatis.spring.mapper.ClassPathMapperScanner - No MyBatis mapper was found in '[com.student.system.mapper]' package. Please check your configuration.
2026-01-21 16:18:29.502 [restartedMain] INFO  o.s.boot.web.embedded.tomcat.TomcatWebServer - Tomcat initialized with port 8088 (http)
2026-01-21 16:18:29.502 [restartedMain] INFO  org.apache.catalina.core.StandardService - Starting service [Tomcat]
2026-01-21 16:18:29.502 [restartedMain] INFO  org.apache.catalina.core.StandardEngine - Starting Servlet engine: [Apache Tomcat/10.1.17]
2026-01-21 16:18:29.507 [restartedMain] INFO  o.a.c.c.ContainerBase.[Tomcat].[localhost].[/api] - Initializing Spring embedded WebApplicationContext
2026-01-21 16:18:29.507 [restartedMain] INFO  o.s.b.w.s.c.ServletWebServerApplicationContext - Root WebApplicationContext: initialization completed in 261 ms
2026-01-21 16:18:29.632 [restartedMain] WARN  o.s.b.a.s.s.UserDetailsServiceAutoConfiguration - 

Using generated security password: 7138a710-d7fa-4226-8c01-c3f430bf6803

This generated password is for development use only. Your security configuration must be updated before running your application in production.

2026-01-21 16:18:29.879 [restartedMain] INFO  o.s.b.actuate.endpoint.web.EndpointLinksResolver - Exposing 4 endpoint(s) beneath base path '/actuator'
2026-01-21 16:18:29.951 [restartedMain] INFO  o.s.security.web.DefaultSecurityFilterChain - Will secure any request with [org.springframework.security.web.session.DisableEncodeUrlFilter@a21a758, org.springframework.security.web.context.request.async.WebAsyncManagerIntegrationFilter@6d9a979c, org.springframework.security.web.context.SecurityContextHolderFilter@135b9261, org.springframework.security.web.header.HeaderWriterFilter@8ad055e, org.springframework.security.web.authentication.logout.LogoutFilter@12b3a99e, org.springframework.security.web.savedrequest.RequestCacheAwareFilter@385dd965, org.springframework.security.web.servletapi.SecurityContextHolderAwareRequestFilter@1cd32a97, org.springframework.security.web.authentication.AnonymousAuthenticationFilter@4ba5a084, org.springframework.security.web.session.SessionManagementFilter@14f880b4, org.springframework.security.web.access.ExceptionTranslationFilter@89118a, org.springframework.security.web.access.intercept.AuthorizationFilter@1f2c7092]
2026-01-21 16:18:30.319 [restartedMain] INFO  o.s.b.d.autoconfigure.OptionalLiveReloadServer - LiveReload server is running on port 35729
2026-01-21 16:18:30.343 [restartedMain] INFO  o.s.boot.web.embedded.tomcat.TomcatWebServer - Tomcat started on port 8088 (http) with context path '/api'
2026-01-21 16:18:30.350 [restartedMain] INFO  com.student.system.StudentSystemApplication - Started StudentSystemApplication in 1.124 seconds (process running for 229.14)
2026-01-21 16:18:30.352 [restartedMain] INFO  o.s.b.d.a.ConditionEvaluationDeltaLoggingListener - Condition evaluation unchanged
2026-01-21 16:18:31.723 [File Watcher] INFO  o.s.b.d.a.LocalDevToolsAutoConfiguration$RestartingClassPathChangeChangedEventListener - Restarting due to 1 class path change (1 addition, 0 deletions, 0 modifications)
2026-01-21 16:18:32.489 [restartedMain] INFO  com.student.system.StudentSystemApplication - Starting StudentSystemApplication using Java 17.0.17 with PID 37954 (/Users/jay/Desktop/project/backend/target/classes started by jay in /Users/jay/Desktop/project/backend)
2026-01-21 16:18:32.489 [restartedMain] DEBUG com.student.system.StudentSystemApplication - Running with Spring Boot v3.2.1, Spring v6.1.2
2026-01-21 16:18:32.489 [restartedMain] INFO  com.student.system.StudentSystemApplication - No active profile set, falling back to 1 default profile: "default"
2026-01-21 16:18:32.593 [restartedMain] INFO  o.s.d.r.config.RepositoryConfigurationDelegate - Multiple Spring Data modules found, entering strict repository configuration mode
2026-01-21 16:18:32.593 [restartedMain] INFO  o.s.d.r.config.RepositoryConfigurationDelegate - Bootstrapping Spring Data Redis repositories in DEFAULT mode.
2026-01-21 16:18:32.594 [restartedMain] INFO  o.s.d.r.config.RepositoryConfigurationDelegate - Finished Spring Data repository scanning in 0 ms. Found 0 Redis repository interfaces.
2026-01-21 16:18:32.615 [restartedMain] WARN  org.mybatis.spring.mapper.ClassPathMapperScanner - No MyBatis mapper was found in '[com.student.system.mapper]' package. Please check your configuration.
2026-01-21 16:18:32.720 [restartedMain] INFO  o.s.boot.web.embedded.tomcat.TomcatWebServer - Tomcat initialized with port 8088 (http)
2026-01-21 16:18:32.721 [restartedMain] INFO  org.apache.catalina.core.StandardService - Starting service [Tomcat]
2026-01-21 16:18:32.721 [restartedMain] INFO  org.apache.catalina.core.StandardEngine - Starting Servlet engine: [Apache Tomcat/10.1.17]
2026-01-21 16:18:32.725 [restartedMain] INFO  o.a.c.c.ContainerBase.[Tomcat].[localhost].[/api] - Initializing Spring embedded WebApplicationContext
2026-01-21 16:18:32.725 [restartedMain] INFO  o.s.b.w.s.c.ServletWebServerApplicationContext - Root WebApplicationContext: initialization completed in 235 ms
2026-01-21 16:18:32.885 [restartedMain] WARN  o.s.b.a.s.s.UserDetailsServiceAutoConfiguration - 

Using generated security password: 4c7b2960-90c0-432f-a728-cd5e57431421

This generated password is for development use only. Your security configuration must be updated before running your application in production.

2026-01-21 16:18:33.099 [restartedMain] INFO  o.s.b.actuate.endpoint.web.EndpointLinksResolver - Exposing 4 endpoint(s) beneath base path '/actuator'
2026-01-21 16:18:33.170 [restartedMain] INFO  o.s.security.web.DefaultSecurityFilterChain - Will secure any request with [org.springframework.security.web.session.DisableEncodeUrlFilter@448af876, org.springframework.security.web.context.request.async.WebAsyncManagerIntegrationFilter@6f22156b, org.springframework.security.web.context.SecurityContextHolderFilter@5cfe87b3, org.springframework.security.web.header.HeaderWriterFilter@549e76fd, org.springframework.security.web.authentication.logout.LogoutFilter@63de151a, org.springframework.security.web.savedrequest.RequestCacheAwareFilter@5095817, org.springframework.security.web.servletapi.SecurityContextHolderAwareRequestFilter@6370a25d, org.springframework.security.web.authentication.AnonymousAuthenticationFilter@840b50d, org.springframework.security.web.session.SessionManagementFilter@4f5f3901, org.springframework.security.web.access.ExceptionTranslationFilter@5df59bf3, org.springframework.security.web.access.intercept.AuthorizationFilter@4586f207]
2026-01-21 16:18:33.541 [restartedMain] INFO  o.s.b.d.autoconfigure.OptionalLiveReloadServer - LiveReload server is running on port 35729
2026-01-21 16:18:33.554 [restartedMain] INFO  o.s.boot.web.embedded.tomcat.TomcatWebServer - Tomcat started on port 8088 (http) with context path '/api'
2026-01-21 16:18:33.560 [restartedMain] INFO  com.student.system.StudentSystemApplication - Started StudentSystemApplication in 1.08 seconds (process running for 232.349)
2026-01-21 16:18:33.561 [restartedMain] INFO  o.s.b.d.a.ConditionEvaluationDeltaLoggingListener - Condition evaluation delta:


==========================
CONDITION EVALUATION DELTA
==========================


Positive matches:
-----------------

    None


Negative matches:
-----------------

   RedisAutoConfiguration#redisTemplate:
      Did not match:
         - @ConditionalOnMissingBean (names: redisTemplate; SearchStrategy: all) found beans named redisTemplate (OnBeanCondition)


Exclusions:
-----------

    None


Unconditional classes:
----------------------

    None



2026-01-21 16:18:39.016 [File Watcher] INFO  o.s.b.d.a.LocalDevToolsAutoConfiguration$RestartingClassPathChangeChangedEventListener - Restarting due to 1 class path change (1 addition, 0 deletions, 0 modifications)
2026-01-21 16:18:50.045 [Thread-15] WARN  org.apache.tomcat.util.net.Acceptor - The acceptor thread [http-nio-8088-Acceptor] did not stop cleanly
2026-01-21 16:18:50.115 [restartedMain] INFO  com.student.system.StudentSystemApplication - Starting StudentSystemApplication using Java 17.0.17 with PID 37954 (/Users/jay/Desktop/project/backend/target/classes started by jay in /Users/jay/Desktop/project/backend)
2026-01-21 16:18:50.115 [restartedMain] DEBUG com.student.system.StudentSystemApplication - Running with Spring Boot v3.2.1, Spring v6.1.2
2026-01-21 16:18:50.115 [restartedMain] INFO  com.student.system.StudentSystemApplication - No active profile set, falling back to 1 default profile: "default"
2026-01-21 16:18:50.223 [restartedMain] INFO  o.s.d.r.config.RepositoryConfigurationDelegate - Multiple Spring Data modules found, entering strict repository configuration mode
2026-01-21 16:18:50.223 [restartedMain] INFO  o.s.d.r.config.RepositoryConfigurationDelegate - Bootstrapping Spring Data Redis repositories in DEFAULT mode.
2026-01-21 16:18:50.224 [restartedMain] INFO  o.s.d.r.config.RepositoryConfigurationDelegate - Finished Spring Data repository scanning in 0 ms. Found 0 Redis repository interfaces.
2026-01-21 16:18:50.245 [restartedMain] WARN  org.mybatis.spring.mapper.ClassPathMapperScanner - No MyBatis mapper was found in '[com.student.system.mapper]' package. Please check your configuration.
2026-01-21 16:18:50.358 [restartedMain] INFO  o.s.boot.web.embedded.tomcat.TomcatWebServer - Tomcat initialized with port 8088 (http)
2026-01-21 16:18:50.359 [restartedMain] INFO  org.apache.catalina.core.StandardService - Starting service [Tomcat]
2026-01-21 16:18:50.359 [restartedMain] INFO  org.apache.catalina.core.StandardEngine - Starting Servlet engine: [Apache Tomcat/10.1.17]
2026-01-21 16:18:50.363 [restartedMain] INFO  o.a.c.c.ContainerBase.[Tomcat].[localhost].[/api] - Initializing Spring embedded WebApplicationContext
2026-01-21 16:18:50.364 [restartedMain] INFO  o.s.b.w.s.c.ServletWebServerApplicationContext - Root WebApplicationContext: initialization completed in 248 ms
2026-01-21 16:18:50.533 [restartedMain] WARN  o.s.b.a.s.s.UserDetailsServiceAutoConfiguration - 

Using generated security password: 1d283aa8-54ec-4ddf-8402-43ab84431bcc

This generated password is for development use only. Your security configuration must be updated before running your application in production.

2026-01-21 16:18:50.752 [restartedMain] INFO  o.s.b.actuate.endpoint.web.EndpointLinksResolver - Exposing 4 endpoint(s) beneath base path '/actuator'
2026-01-21 16:18:50.818 [restartedMain] INFO  o.s.security.web.DefaultSecurityFilterChain - Will secure any request with [org.springframework.security.web.session.DisableEncodeUrlFilter@6626b954, org.springframework.security.web.context.request.async.WebAsyncManagerIntegrationFilter@63cf9a9b, org.springframework.security.web.context.SecurityContextHolderFilter@5b930921, org.springframework.security.web.header.HeaderWriterFilter@79810de3, org.springframework.security.web.authentication.logout.LogoutFilter@3728cc2b, org.springframework.security.web.savedrequest.RequestCacheAwareFilter@3cf134ec, org.springframework.security.web.servletapi.SecurityContextHolderAwareRequestFilter@5f3e5700, org.springframework.security.web.authentication.AnonymousAuthenticationFilter@744afa62, org.springframework.security.web.session.SessionManagementFilter@334e626d, org.springframework.security.web.access.ExceptionTranslationFilter@73946300, org.springframework.security.web.access.intercept.AuthorizationFilter@7d81d957]
2026-01-21 16:18:51.167 [restartedMain] INFO  o.s.b.d.autoconfigure.OptionalLiveReloadServer - LiveReload server is running on port 35729
2026-01-21 16:18:51.180 [restartedMain] INFO  o.s.boot.web.embedded.tomcat.TomcatWebServer - Tomcat started on port 8088 (http) with context path '/api'
2026-01-21 16:18:51.186 [restartedMain] INFO  com.student.system.StudentSystemApplication - Started StudentSystemApplication in 1.081 seconds (process running for 249.975)
2026-01-21 16:18:51.187 [restartedMain] INFO  o.s.b.d.a.ConditionEvaluationDeltaLoggingListener - Condition evaluation unchanged
2026-01-21 16:19:01.666 [File Watcher] INFO  o.s.b.d.a.LocalDevToolsAutoConfiguration$RestartingClassPathChangeChangedEventListener - Restarting due to 1 class path change (0 additions, 0 deletions, 1 modification)
2026-01-21 16:19:02.755 [restartedMain] INFO  com.student.system.StudentSystemApplication - Starting StudentSystemApplication using Java 17.0.17 with PID 37954 (/Users/jay/Desktop/project/backend/target/classes started by jay in /Users/jay/Desktop/project/backend)
2026-01-21 16:19:02.755 [restartedMain] DEBUG com.student.system.StudentSystemApplication - Running with Spring Boot v3.2.1, Spring v6.1.2
2026-01-21 16:19:02.755 [restartedMain] INFO  com.student.system.StudentSystemApplication - No active profile set, falling back to 1 default profile: "default"
2026-01-21 16:19:02.865 [restartedMain] INFO  o.s.d.r.config.RepositoryConfigurationDelegate - Multiple Spring Data modules found, entering strict repository configuration mode
2026-01-21 16:19:02.865 [restartedMain] INFO  o.s.d.r.config.RepositoryConfigurationDelegate - Bootstrapping Spring Data Redis repositories in DEFAULT mode.
2026-01-21 16:19:02.866 [restartedMain] INFO  o.s.d.r.config.RepositoryConfigurationDelegate - Finished Spring Data repository scanning in 0 ms. Found 0 Redis repository interfaces.
2026-01-21 16:19:02.889 [restartedMain] WARN  org.mybatis.spring.mapper.ClassPathMapperScanner - No MyBatis mapper was found in '[com.student.system.mapper]' package. Please check your configuration.
2026-01-21 16:19:02.996 [restartedMain] INFO  o.s.boot.web.embedded.tomcat.TomcatWebServer - Tomcat initialized with port 8088 (http)
2026-01-21 16:19:02.997 [restartedMain] INFO  org.apache.catalina.core.StandardService - Starting service [Tomcat]
2026-01-21 16:19:02.997 [restartedMain] INFO  org.apache.catalina.core.StandardEngine - Starting Servlet engine: [Apache Tomcat/10.1.17]
2026-01-21 16:19:03.001 [restartedMain] INFO  o.a.c.c.ContainerBase.[Tomcat].[localhost].[/api] - Initializing Spring embedded WebApplicationContext
2026-01-21 16:19:03.001 [restartedMain] INFO  o.s.b.w.s.c.ServletWebServerApplicationContext - Root WebApplicationContext: initialization completed in 245 ms
2026-01-21 16:19:03.159 [restartedMain] WARN  o.s.b.a.s.s.UserDetailsServiceAutoConfiguration - 

Using generated security password: 6423627e-f43b-4360-862e-c3e304b94ed7

This generated password is for development use only. Your security configuration must be updated before running your application in production.

2026-01-21 16:19:03.370 [restartedMain] INFO  o.s.b.actuate.endpoint.web.EndpointLinksResolver - Exposing 4 endpoint(s) beneath base path '/actuator'
2026-01-21 16:19:03.436 [restartedMain] INFO  o.s.security.web.DefaultSecurityFilterChain - Will secure any request with [org.springframework.security.web.session.DisableEncodeUrlFilter@14e859dc, org.springframework.security.web.context.request.async.WebAsyncManagerIntegrationFilter@6b31ca03, org.springframework.security.web.context.SecurityContextHolderFilter@50df734c, org.springframework.security.web.header.HeaderWriterFilter@1b9d7247, org.springframework.security.web.authentication.logout.LogoutFilter@1b069846, org.springframework.security.web.savedrequest.RequestCacheAwareFilter@73d1d591, org.springframework.security.web.servletapi.SecurityContextHolderAwareRequestFilter@65e448d, org.springframework.security.web.authentication.AnonymousAuthenticationFilter@381de200, org.springframework.security.web.session.SessionManagementFilter@39163e9c, org.springframework.security.web.access.ExceptionTranslationFilter@363b6a25, org.springframework.security.web.access.intercept.AuthorizationFilter@36f03baf]
2026-01-21 16:19:03.778 [restartedMain] INFO  o.s.b.d.autoconfigure.OptionalLiveReloadServer - LiveReload server is running on port 35729
2026-01-21 16:19:03.791 [restartedMain] INFO  o.s.boot.web.embedded.tomcat.TomcatWebServer - Tomcat started on port 8088 (http) with context path '/api'
2026-01-21 16:19:03.797 [restartedMain] INFO  com.student.system.StudentSystemApplication - Started StudentSystemApplication in 1.053 seconds (process running for 262.586)
2026-01-21 16:19:03.798 [restartedMain] INFO  o.s.b.d.a.ConditionEvaluationDeltaLoggingListener - Condition evaluation unchanged
2026-01-21 16:19:52.763 [restartedMain] INFO  com.student.system.StudentSystemApplication - Starting StudentSystemApplication using Java 17.0.17 with PID 41662 (/Users/jay/Desktop/project/backend/target/classes started by jay in /Users/jay/Desktop/project/backend)
2026-01-21 16:19:52.765 [restartedMain] DEBUG com.student.system.StudentSystemApplication - Running with Spring Boot v3.2.1, Spring v6.1.2
2026-01-21 16:19:52.765 [restartedMain] INFO  com.student.system.StudentSystemApplication - No active profile set, falling back to 1 default profile: "default"
2026-01-21 16:19:52.787 [restartedMain] INFO  o.s.b.d.env.DevToolsPropertyDefaultsPostProcessor - Devtools property defaults active! Set 'spring.devtools.add-properties' to 'false' to disable
2026-01-21 16:19:52.787 [restartedMain] INFO  o.s.b.d.env.DevToolsPropertyDefaultsPostProcessor - For additional web related logging consider setting the 'logging.level.web' property to 'DEBUG'
2026-01-21 16:19:53.223 [restartedMain] INFO  o.s.d.r.config.RepositoryConfigurationDelegate - Multiple Spring Data modules found, entering strict repository configuration mode
2026-01-21 16:19:53.224 [restartedMain] INFO  o.s.d.r.config.RepositoryConfigurationDelegate - Bootstrapping Spring Data Redis repositories in DEFAULT mode.
2026-01-21 16:19:53.236 [restartedMain] INFO  o.s.d.r.config.RepositoryConfigurationDelegate - Finished Spring Data repository scanning in 6 ms. Found 0 Redis repository interfaces.
2026-01-21 16:19:53.331 [restartedMain] WARN  org.mybatis.spring.mapper.ClassPathMapperScanner - No MyBatis mapper was found in '[com.student.system.mapper]' package. Please check your configuration.
2026-01-21 16:19:53.782 [restartedMain] INFO  o.s.boot.web.embedded.tomcat.TomcatWebServer - Tomcat initialized with port 8088 (http)
2026-01-21 16:19:53.787 [restartedMain] INFO  org.apache.catalina.core.StandardService - Starting service [Tomcat]
2026-01-21 16:19:53.787 [restartedMain] INFO  org.apache.catalina.core.StandardEngine - Starting Servlet engine: [Apache Tomcat/10.1.17]
2026-01-21 16:19:53.809 [restartedMain] INFO  o.a.c.c.ContainerBase.[Tomcat].[localhost].[/api] - Initializing Spring embedded WebApplicationContext
2026-01-21 16:19:53.809 [restartedMain] INFO  o.s.b.w.s.c.ServletWebServerApplicationContext - Root WebApplicationContext: initialization completed in 1022 ms
2026-01-21 16:19:54.189 [restartedMain] WARN  o.s.b.a.s.s.UserDetailsServiceAutoConfiguration - 

Using generated security password: d3332c57-0a0b-4b93-8be6-9d9929960521

This generated password is for development use only. Your security configuration must be updated before running your application in production.

2026-01-21 16:19:54.524 [restartedMain] INFO  o.s.b.actuate.endpoint.web.EndpointLinksResolver - Exposing 4 endpoint(s) beneath base path '/actuator'
2026-01-21 16:19:54.605 [restartedMain] INFO  o.s.security.web.DefaultSecurityFilterChain - Will secure any request with [org.springframework.security.web.session.DisableEncodeUrlFilter@3bbfe60b, org.springframework.security.web.context.request.async.WebAsyncManagerIntegrationFilter@23a6f9dd, org.springframework.security.web.context.SecurityContextHolderFilter@c7bc048, org.springframework.security.web.header.HeaderWriterFilter@38bf8642, org.springframework.security.web.authentication.logout.LogoutFilter@4bc6fd30, org.springframework.security.web.savedrequest.RequestCacheAwareFilter@6e2388d0, org.springframework.security.web.servletapi.SecurityContextHolderAwareRequestFilter@34b8450b, org.springframework.security.web.authentication.AnonymousAuthenticationFilter@253511c, org.springframework.security.web.session.SessionManagementFilter@1a70596b, org.springframework.security.web.access.ExceptionTranslationFilter@1a5b8c30, org.springframework.security.web.access.intercept.AuthorizationFilter@2409ef1b]
2026-01-21 16:19:55.181 [restartedMain] INFO  o.s.b.d.autoconfigure.OptionalLiveReloadServer - LiveReload server is running on port 35729
2026-01-21 16:19:55.223 [restartedMain] INFO  o.s.boot.web.embedded.tomcat.TomcatWebServer - Tomcat started on port 8088 (http) with context path '/api'
2026-01-21 16:19:55.235 [restartedMain] INFO  com.student.system.StudentSystemApplication - Started StudentSystemApplication in 2.648 seconds (process running for 2.817)
2026-01-21 16:19:59.648 [http-nio-8088-exec-1] INFO  o.a.c.c.ContainerBase.[Tomcat].[localhost].[/api] - Initializing Spring DispatcherServlet 'dispatcherServlet'
2026-01-21 16:19:59.649 [http-nio-8088-exec-1] INFO  org.springframework.web.servlet.DispatcherServlet - Initializing Servlet 'dispatcherServlet'
2026-01-21 16:19:59.650 [http-nio-8088-exec-1] INFO  org.springframework.web.servlet.DispatcherServlet - Completed initialization in 1 ms
2026-01-21 16:36:28.203 [restartedMain] INFO  com.student.system.StudentSystemApplication - Starting StudentSystemApplication using Java 17.0.17 with PID 52777 (/Users/jay/Desktop/project/backend/target/classes started by jay in /Users/jay/Desktop/project/backend)
2026-01-21 16:36:28.204 [restartedMain] DEBUG com.student.system.StudentSystemApplication - Running with Spring Boot v3.2.1, Spring v6.1.2
2026-01-21 16:36:28.205 [restartedMain] INFO  com.student.system.StudentSystemApplication - No active profile set, falling back to 1 default profile: "default"
2026-01-21 16:36:28.231 [restartedMain] INFO  o.s.b.d.env.DevToolsPropertyDefaultsPostProcessor - Devtools property defaults active! Set 'spring.devtools.add-properties' to 'false' to disable
2026-01-21 16:36:28.232 [restartedMain] INFO  o.s.b.d.env.DevToolsPropertyDefaultsPostProcessor - For additional web related logging consider setting the 'logging.level.web' property to 'DEBUG'
2026-01-21 16:36:28.699 [restartedMain] INFO  o.s.d.r.config.RepositoryConfigurationDelegate - Multiple Spring Data modules found, entering strict repository configuration mode
2026-01-21 16:36:28.701 [restartedMain] INFO  o.s.d.r.config.RepositoryConfigurationDelegate - Bootstrapping Spring Data Redis repositories in DEFAULT mode.
2026-01-21 16:36:28.716 [restartedMain] INFO  o.s.d.r.config.RepositoryConfigurationDelegate - Finished Spring Data repository scanning in 8 ms. Found 0 Redis repository interfaces.
2026-01-21 16:36:28.841 [restartedMain] WARN  o.s.b.w.s.c.AnnotationConfigServletWebServerApplicationContext - Exception encountered during context initialization - cancelling refresh attempt: java.lang.IllegalArgumentException: Invalid value type for attribute 'factoryBeanObjectType': java.lang.String
2026-01-21 16:36:28.852 [restartedMain] INFO  o.s.b.a.logging.ConditionEvaluationReportLogger - 

Error starting ApplicationContext. To display the condition evaluation report re-run your application with 'debug' enabled.
2026-01-21 16:36:28.869 [restartedMain] ERROR org.springframework.boot.SpringApplication - Application run failed
java.lang.IllegalArgumentException: Invalid value type for attribute 'factoryBeanObjectType': java.lang.String
	at org.springframework.beans.factory.support.FactoryBeanRegistrySupport.getTypeForFactoryBeanFromAttributes(FactoryBeanRegistrySupport.java:86)
	at org.springframework.beans.factory.support.AbstractAutowireCapableBeanFactory.getTypeForFactoryBean(AbstractAutowireCapableBeanFactory.java:836)
	at org.springframework.beans.factory.support.AbstractBeanFactory.isTypeMatch(AbstractBeanFactory.java:620)
	at org.springframework.beans.factory.support.DefaultListableBeanFactory.doGetBeanNamesForType(DefaultListableBeanFactory.java:575)
	at org.springframework.beans.factory.support.DefaultListableBeanFactory.getBeanNamesForType(DefaultListableBeanFactory.java:534)
	at org.springframework.context.support.PostProcessorRegistrationDelegate.invokeBeanFactoryPostProcessors(PostProcessorRegistrationDelegate.java:138)
	at org.springframework.context.support.AbstractApplicationContext.invokeBeanFactoryPostProcessors(AbstractApplicationContext.java:789)
	at org.springframework.context.support.AbstractApplicationContext.refresh(AbstractApplicationContext.java:606)
	at org.springframework.boot.web.servlet.context.ServletWebServerApplicationContext.refresh(ServletWebServerApplicationContext.java:146)
	at org.springframework.boot.SpringApplication.refresh(SpringApplication.java:762)
	at org.springframework.boot.SpringApplication.refreshContext(SpringApplication.java:464)
	at org.springframework.boot.SpringApplication.run(SpringApplication.java:334)
	at org.springframework.boot.SpringApplication.run(SpringApplication.java:1358)
	at org.springframework.boot.SpringApplication.run(SpringApplication.java:1347)
	at com.student.system.StudentSystemApplication.main(StudentSystemApplication.java:22)
	at java.base/jdk.internal.reflect.NativeMethodAccessorImpl.invoke0(Native Method)
	at java.base/jdk.internal.reflect.NativeMethodAccessorImpl.invoke(NativeMethodAccessorImpl.java:77)
	at java.base/jdk.internal.reflect.DelegatingMethodAccessorImpl.invoke(DelegatingMethodAccessorImpl.java:43)
	at java.base/java.lang.reflect.Method.invoke(Method.java:569)
	at org.springframework.boot.devtools.restart.RestartLauncher.run(RestartLauncher.java:50)
2026-01-21 16:43:35.236 [restartedMain] INFO  com.student.system.StudentSystemApplication - Starting StudentSystemApplication using Java 17.0.17 with PID 57326 (/Users/jay/Desktop/project/backend/target/classes started by jay in /Users/jay/Desktop/project/backend)
2026-01-21 16:43:35.237 [restartedMain] DEBUG com.student.system.StudentSystemApplication - Running with Spring Boot v3.2.1, Spring v6.1.2
2026-01-21 16:43:35.237 [restartedMain] INFO  com.student.system.StudentSystemApplication - No active profile set, falling back to 1 default profile: "default"
2026-01-21 16:43:35.261 [restartedMain] INFO  o.s.b.d.env.DevToolsPropertyDefaultsPostProcessor - Devtools property defaults active! Set 'spring.devtools.add-properties' to 'false' to disable
2026-01-21 16:43:35.261 [restartedMain] INFO  o.s.b.d.env.DevToolsPropertyDefaultsPostProcessor - For additional web related logging consider setting the 'logging.level.web' property to 'DEBUG'
2026-01-21 16:43:35.881 [restartedMain] INFO  o.s.d.r.config.RepositoryConfigurationDelegate - Multiple Spring Data modules found, entering strict repository configuration mode
2026-01-21 16:43:35.882 [restartedMain] INFO  o.s.d.r.config.RepositoryConfigurationDelegate - Bootstrapping Spring Data Redis repositories in DEFAULT mode.
2026-01-21 16:43:35.899 [restartedMain] INFO  o.s.d.r.config.RepositoryConfigurationDelegate - Finished Spring Data repository scanning in 10 ms. Found 0 Redis repository interfaces.
2026-01-21 16:43:35.993 [restartedMain] WARN  o.s.b.w.s.c.AnnotationConfigServletWebServerApplicationContext - Exception encountered during context initialization - cancelling refresh attempt: java.lang.IllegalArgumentException: Invalid value type for attribute 'factoryBeanObjectType': java.lang.String
2026-01-21 16:43:36.004 [restartedMain] INFO  o.s.b.a.logging.ConditionEvaluationReportLogger - 

Error starting ApplicationContext. To display the condition evaluation report re-run your application with 'debug' enabled.
2026-01-21 16:43:36.022 [restartedMain] ERROR org.springframework.boot.SpringApplication - Application run failed
java.lang.IllegalArgumentException: Invalid value type for attribute 'factoryBeanObjectType': java.lang.String
	at org.springframework.beans.factory.support.FactoryBeanRegistrySupport.getTypeForFactoryBeanFromAttributes(FactoryBeanRegistrySupport.java:86)
	at org.springframework.beans.factory.support.AbstractAutowireCapableBeanFactory.getTypeForFactoryBean(AbstractAutowireCapableBeanFactory.java:836)
	at org.springframework.beans.factory.support.AbstractBeanFactory.isTypeMatch(AbstractBeanFactory.java:620)
	at org.springframework.beans.factory.support.DefaultListableBeanFactory.doGetBeanNamesForType(DefaultListableBeanFactory.java:575)
	at org.springframework.beans.factory.support.DefaultListableBeanFactory.getBeanNamesForType(DefaultListableBeanFactory.java:534)
	at org.springframework.context.support.PostProcessorRegistrationDelegate.invokeBeanFactoryPostProcessors(PostProcessorRegistrationDelegate.java:138)
	at org.springframework.context.support.AbstractApplicationContext.invokeBeanFactoryPostProcessors(AbstractApplicationContext.java:789)
	at org.springframework.context.support.AbstractApplicationContext.refresh(AbstractApplicationContext.java:606)
	at org.springframework.boot.web.servlet.context.ServletWebServerApplicationContext.refresh(ServletWebServerApplicationContext.java:146)
	at org.springframework.boot.SpringApplication.refresh(SpringApplication.java:762)
	at org.springframework.boot.SpringApplication.refreshContext(SpringApplication.java:464)
	at org.springframework.boot.SpringApplication.run(SpringApplication.java:334)
	at org.springframework.boot.SpringApplication.run(SpringApplication.java:1358)
	at org.springframework.boot.SpringApplication.run(SpringApplication.java:1347)
	at com.student.system.StudentSystemApplication.main(StudentSystemApplication.java:22)
	at java.base/jdk.internal.reflect.NativeMethodAccessorImpl.invoke0(Native Method)
	at java.base/jdk.internal.reflect.NativeMethodAccessorImpl.invoke(NativeMethodAccessorImpl.java:77)
	at java.base/jdk.internal.reflect.DelegatingMethodAccessorImpl.invoke(DelegatingMethodAccessorImpl.java:43)
	at java.base/java.lang.reflect.Method.invoke(Method.java:569)
	at org.springframework.boot.devtools.restart.RestartLauncher.run(RestartLauncher.java:50)
2026-01-21 16:44:00.898 [restartedMain] INFO  com.student.system.StudentSystemApplication - Starting StudentSystemApplication using Java 17.0.17 with PID 57761 (/Users/jay/Desktop/project/backend/target/classes started by jay in /Users/jay/Desktop/project/backend)
2026-01-21 16:44:00.899 [restartedMain] DEBUG com.student.system.StudentSystemApplication - Running with Spring Boot v3.2.1, Spring v6.1.2
2026-01-21 16:44:00.899 [restartedMain] INFO  com.student.system.StudentSystemApplication - No active profile set, falling back to 1 default profile: "default"
2026-01-21 16:44:00.923 [restartedMain] INFO  o.s.b.d.env.DevToolsPropertyDefaultsPostProcessor - Devtools property defaults active! Set 'spring.devtools.add-properties' to 'false' to disable
2026-01-21 16:44:00.923 [restartedMain] INFO  o.s.b.d.env.DevToolsPropertyDefaultsPostProcessor - For additional web related logging consider setting the 'logging.level.web' property to 'DEBUG'
2026-01-21 16:44:01.393 [restartedMain] INFO  o.s.d.r.config.RepositoryConfigurationDelegate - Multiple Spring Data modules found, entering strict repository configuration mode
2026-01-21 16:44:01.394 [restartedMain] INFO  o.s.d.r.config.RepositoryConfigurationDelegate - Bootstrapping Spring Data Redis repositories in DEFAULT mode.
2026-01-21 16:44:01.409 [restartedMain] INFO  o.s.d.r.config.RepositoryConfigurationDelegate - Finished Spring Data repository scanning in 8 ms. Found 0 Redis repository interfaces.
2026-01-21 16:44:01.484 [restartedMain] WARN  o.s.b.w.s.c.AnnotationConfigServletWebServerApplicationContext - Exception encountered during context initialization - cancelling refresh attempt: java.lang.IllegalArgumentException: Invalid value type for attribute 'factoryBeanObjectType': java.lang.String
2026-01-21 16:44:01.494 [restartedMain] INFO  o.s.b.a.logging.ConditionEvaluationReportLogger - 

Error starting ApplicationContext. To display the condition evaluation report re-run your application with 'debug' enabled.
2026-01-21 16:44:01.509 [restartedMain] ERROR org.springframework.boot.SpringApplication - Application run failed
java.lang.IllegalArgumentException: Invalid value type for attribute 'factoryBeanObjectType': java.lang.String
	at org.springframework.beans.factory.support.FactoryBeanRegistrySupport.getTypeForFactoryBeanFromAttributes(FactoryBeanRegistrySupport.java:86)
	at org.springframework.beans.factory.support.AbstractAutowireCapableBeanFactory.getTypeForFactoryBean(AbstractAutowireCapableBeanFactory.java:836)
	at org.springframework.beans.factory.support.AbstractBeanFactory.isTypeMatch(AbstractBeanFactory.java:620)
	at org.springframework.beans.factory.support.DefaultListableBeanFactory.doGetBeanNamesForType(DefaultListableBeanFactory.java:575)
	at org.springframework.beans.factory.support.DefaultListableBeanFactory.getBeanNamesForType(DefaultListableBeanFactory.java:534)
	at org.springframework.context.support.PostProcessorRegistrationDelegate.invokeBeanFactoryPostProcessors(PostProcessorRegistrationDelegate.java:138)
	at org.springframework.context.support.AbstractApplicationContext.invokeBeanFactoryPostProcessors(AbstractApplicationContext.java:789)
	at org.springframework.context.support.AbstractApplicationContext.refresh(AbstractApplicationContext.java:606)
	at org.springframework.boot.web.servlet.context.ServletWebServerApplicationContext.refresh(ServletWebServerApplicationContext.java:146)
	at org.springframework.boot.SpringApplication.refresh(SpringApplication.java:762)
	at org.springframework.boot.SpringApplication.refreshContext(SpringApplication.java:464)
	at org.springframework.boot.SpringApplication.run(SpringApplication.java:334)
	at org.springframework.boot.SpringApplication.run(SpringApplication.java:1358)
	at org.springframework.boot.SpringApplication.run(SpringApplication.java:1347)
	at com.student.system.StudentSystemApplication.main(StudentSystemApplication.java:22)
	at java.base/jdk.internal.reflect.NativeMethodAccessorImpl.invoke0(Native Method)
	at java.base/jdk.internal.reflect.NativeMethodAccessorImpl.invoke(NativeMethodAccessorImpl.java:77)
	at java.base/jdk.internal.reflect.DelegatingMethodAccessorImpl.invoke(DelegatingMethodAccessorImpl.java:43)
	at java.base/java.lang.reflect.Method.invoke(Method.java:569)
	at org.springframework.boot.devtools.restart.RestartLauncher.run(RestartLauncher.java:50)
2026-01-21 16:45:53.316 [restartedMain] INFO  com.student.system.StudentSystemApplication - Starting StudentSystemApplication using Java 17.0.17 with PID 59219 (/Users/jay/Desktop/project/backend/target/classes started by jay in /Users/jay/Desktop/project/backend)
2026-01-21 16:45:53.317 [restartedMain] DEBUG com.student.system.StudentSystemApplication - Running with Spring Boot v3.2.1, Spring v6.1.2
2026-01-21 16:45:53.318 [restartedMain] INFO  com.student.system.StudentSystemApplication - No active profile set, falling back to 1 default profile: "default"
2026-01-21 16:45:53.342 [restartedMain] INFO  o.s.b.d.env.DevToolsPropertyDefaultsPostProcessor - Devtools property defaults active! Set 'spring.devtools.add-properties' to 'false' to disable
2026-01-21 16:45:53.342 [restartedMain] INFO  o.s.b.d.env.DevToolsPropertyDefaultsPostProcessor - For additional web related logging consider setting the 'logging.level.web' property to 'DEBUG'
2026-01-21 16:45:53.839 [restartedMain] INFO  o.s.d.r.config.RepositoryConfigurationDelegate - Multiple Spring Data modules found, entering strict repository configuration mode
2026-01-21 16:45:53.840 [restartedMain] INFO  o.s.d.r.config.RepositoryConfigurationDelegate - Bootstrapping Spring Data Redis repositories in DEFAULT mode.
2026-01-21 16:45:53.853 [restartedMain] INFO  o.s.d.r.config.RepositoryConfigurationDelegate - Finished Spring Data repository scanning in 5 ms. Found 0 Redis repository interfaces.
2026-01-21 16:45:53.926 [restartedMain] WARN  o.s.b.w.s.c.AnnotationConfigServletWebServerApplicationContext - Exception encountered during context initialization - cancelling refresh attempt: java.lang.IllegalArgumentException: Invalid value type for attribute 'factoryBeanObjectType': java.lang.String
2026-01-21 16:45:53.937 [restartedMain] INFO  o.s.b.a.logging.ConditionEvaluationReportLogger - 

Error starting ApplicationContext. To display the condition evaluation report re-run your application with 'debug' enabled.
2026-01-21 16:45:53.953 [restartedMain] ERROR org.springframework.boot.SpringApplication - Application run failed
java.lang.IllegalArgumentException: Invalid value type for attribute 'factoryBeanObjectType': java.lang.String
	at org.springframework.beans.factory.support.FactoryBeanRegistrySupport.getTypeForFactoryBeanFromAttributes(FactoryBeanRegistrySupport.java:86)
	at org.springframework.beans.factory.support.AbstractAutowireCapableBeanFactory.getTypeForFactoryBean(AbstractAutowireCapableBeanFactory.java:836)
	at org.springframework.beans.factory.support.AbstractBeanFactory.isTypeMatch(AbstractBeanFactory.java:620)
	at org.springframework.beans.factory.support.DefaultListableBeanFactory.doGetBeanNamesForType(DefaultListableBeanFactory.java:575)
	at org.springframework.beans.factory.support.DefaultListableBeanFactory.getBeanNamesForType(DefaultListableBeanFactory.java:534)
	at org.springframework.context.support.PostProcessorRegistrationDelegate.invokeBeanFactoryPostProcessors(PostProcessorRegistrationDelegate.java:138)
	at org.springframework.context.support.AbstractApplicationContext.invokeBeanFactoryPostProcessors(AbstractApplicationContext.java:789)
	at org.springframework.context.support.AbstractApplicationContext.refresh(AbstractApplicationContext.java:606)
	at org.springframework.boot.web.servlet.context.ServletWebServerApplicationContext.refresh(ServletWebServerApplicationContext.java:146)
	at org.springframework.boot.SpringApplication.refresh(SpringApplication.java:762)
	at org.springframework.boot.SpringApplication.refreshContext(SpringApplication.java:464)
	at org.springframework.boot.SpringApplication.run(SpringApplication.java:334)
	at org.springframework.boot.SpringApplication.run(SpringApplication.java:1358)
	at org.springframework.boot.SpringApplication.run(SpringApplication.java:1347)
	at com.student.system.StudentSystemApplication.main(StudentSystemApplication.java:20)
	at java.base/jdk.internal.reflect.NativeMethodAccessorImpl.invoke0(Native Method)
	at java.base/jdk.internal.reflect.NativeMethodAccessorImpl.invoke(NativeMethodAccessorImpl.java:77)
	at java.base/jdk.internal.reflect.DelegatingMethodAccessorImpl.invoke(DelegatingMethodAccessorImpl.java:43)
	at java.base/java.lang.reflect.Method.invoke(Method.java:569)
	at org.springframework.boot.devtools.restart.RestartLauncher.run(RestartLauncher.java:50)
2026-01-21 16:47:14.705 [restartedMain] INFO  com.student.system.StudentSystemApplication - Starting StudentSystemApplication using Java 17.0.17 with PID 60227 (/Users/jay/Desktop/project/backend/target/classes started by jay in /Users/jay/Desktop/project/backend)
2026-01-21 16:47:14.706 [restartedMain] DEBUG com.student.system.StudentSystemApplication - Running with Spring Boot v3.2.1, Spring v6.1.2
2026-01-21 16:47:14.706 [restartedMain] INFO  com.student.system.StudentSystemApplication - No active profile set, falling back to 1 default profile: "default"
2026-01-21 16:47:14.726 [restartedMain] INFO  o.s.b.d.env.DevToolsPropertyDefaultsPostProcessor - Devtools property defaults active! Set 'spring.devtools.add-properties' to 'false' to disable
2026-01-21 16:47:14.726 [restartedMain] INFO  o.s.b.d.env.DevToolsPropertyDefaultsPostProcessor - For additional web related logging consider setting the 'logging.level.web' property to 'DEBUG'
2026-01-21 16:47:15.187 [restartedMain] INFO  o.s.d.r.config.RepositoryConfigurationDelegate - Multiple Spring Data modules found, entering strict repository configuration mode
2026-01-21 16:47:15.188 [restartedMain] INFO  o.s.d.r.config.RepositoryConfigurationDelegate - Bootstrapping Spring Data Redis repositories in DEFAULT mode.
2026-01-21 16:47:15.198 [restartedMain] INFO  o.s.d.r.config.RepositoryConfigurationDelegate - Finished Spring Data repository scanning in 4 ms. Found 0 Redis repository interfaces.
2026-01-21 16:47:15.266 [restartedMain] WARN  o.s.b.w.s.c.AnnotationConfigServletWebServerApplicationContext - Exception encountered during context initialization - cancelling refresh attempt: java.lang.IllegalArgumentException: Invalid value type for attribute 'factoryBeanObjectType': java.lang.String
2026-01-21 16:47:15.277 [restartedMain] INFO  o.s.b.a.logging.ConditionEvaluationReportLogger - 

Error starting ApplicationContext. To display the condition evaluation report re-run your application with 'debug' enabled.
2026-01-21 16:47:15.290 [restartedMain] ERROR org.springframework.boot.SpringApplication - Application run failed
java.lang.IllegalArgumentException: Invalid value type for attribute 'factoryBeanObjectType': java.lang.String
	at org.springframework.beans.factory.support.FactoryBeanRegistrySupport.getTypeForFactoryBeanFromAttributes(FactoryBeanRegistrySupport.java:86)
	at org.springframework.beans.factory.support.AbstractAutowireCapableBeanFactory.getTypeForFactoryBean(AbstractAutowireCapableBeanFactory.java:836)
	at org.springframework.beans.factory.support.AbstractBeanFactory.isTypeMatch(AbstractBeanFactory.java:620)
	at org.springframework.beans.factory.support.DefaultListableBeanFactory.doGetBeanNamesForType(DefaultListableBeanFactory.java:575)
	at org.springframework.beans.factory.support.DefaultListableBeanFactory.getBeanNamesForType(DefaultListableBeanFactory.java:534)
	at org.springframework.context.support.PostProcessorRegistrationDelegate.invokeBeanFactoryPostProcessors(PostProcessorRegistrationDelegate.java:138)
	at org.springframework.context.support.AbstractApplicationContext.invokeBeanFactoryPostProcessors(AbstractApplicationContext.java:789)
	at org.springframework.context.support.AbstractApplicationContext.refresh(AbstractApplicationContext.java:606)
	at org.springframework.boot.web.servlet.context.ServletWebServerApplicationContext.refresh(ServletWebServerApplicationContext.java:146)
	at org.springframework.boot.SpringApplication.refresh(SpringApplication.java:762)
	at org.springframework.boot.SpringApplication.refreshContext(SpringApplication.java:464)
	at org.springframework.boot.SpringApplication.run(SpringApplication.java:334)
	at org.springframework.boot.SpringApplication.run(SpringApplication.java:1358)
	at org.springframework.boot.SpringApplication.run(SpringApplication.java:1347)
	at com.student.system.StudentSystemApplication.main(StudentSystemApplication.java:20)
	at java.base/jdk.internal.reflect.NativeMethodAccessorImpl.invoke0(Native Method)
	at java.base/jdk.internal.reflect.NativeMethodAccessorImpl.invoke(NativeMethodAccessorImpl.java:77)
	at java.base/jdk.internal.reflect.DelegatingMethodAccessorImpl.invoke(DelegatingMethodAccessorImpl.java:43)
	at java.base/java.lang.reflect.Method.invoke(Method.java:569)
	at org.springframework.boot.devtools.restart.RestartLauncher.run(RestartLauncher.java:50)
2026-01-21 16:49:00.007 [restartedMain] INFO  com.student.system.StudentSystemApplication - Starting StudentSystemApplication using Java 17.0.17 with PID 61395 (/Users/jay/Desktop/project/backend/target/classes started by jay in /Users/jay/Desktop/project/backend)
2026-01-21 16:49:00.009 [restartedMain] DEBUG com.student.system.StudentSystemApplication - Running with Spring Boot v3.2.1, Spring v6.1.2
2026-01-21 16:49:00.009 [restartedMain] INFO  com.student.system.StudentSystemApplication - No active profile set, falling back to 1 default profile: "default"
2026-01-21 16:49:00.030 [restartedMain] INFO  o.s.b.d.env.DevToolsPropertyDefaultsPostProcessor - Devtools property defaults active! Set 'spring.devtools.add-properties' to 'false' to disable
2026-01-21 16:49:00.030 [restartedMain] INFO  o.s.b.d.env.DevToolsPropertyDefaultsPostProcessor - For additional web related logging consider setting the 'logging.level.web' property to 'DEBUG'
2026-01-21 16:49:00.491 [restartedMain] INFO  o.s.d.r.config.RepositoryConfigurationDelegate - Multiple Spring Data modules found, entering strict repository configuration mode
2026-01-21 16:49:00.492 [restartedMain] INFO  o.s.d.r.config.RepositoryConfigurationDelegate - Bootstrapping Spring Data Redis repositories in DEFAULT mode.
2026-01-21 16:49:00.503 [restartedMain] INFO  o.s.d.r.config.RepositoryConfigurationDelegate - Finished Spring Data repository scanning in 5 ms. Found 0 Redis repository interfaces.
2026-01-21 16:49:00.570 [restartedMain] WARN  o.s.b.w.s.c.AnnotationConfigServletWebServerApplicationContext - Exception encountered during context initialization - cancelling refresh attempt: java.lang.IllegalArgumentException: Invalid value type for attribute 'factoryBeanObjectType': java.lang.String
2026-01-21 16:49:00.581 [restartedMain] INFO  o.s.b.a.logging.ConditionEvaluationReportLogger - 

Error starting ApplicationContext. To display the condition evaluation report re-run your application with 'debug' enabled.
2026-01-21 16:49:00.597 [restartedMain] ERROR org.springframework.boot.SpringApplication - Application run failed
java.lang.IllegalArgumentException: Invalid value type for attribute 'factoryBeanObjectType': java.lang.String
	at org.springframework.beans.factory.support.FactoryBeanRegistrySupport.getTypeForFactoryBeanFromAttributes(FactoryBeanRegistrySupport.java:86)
	at org.springframework.beans.factory.support.AbstractAutowireCapableBeanFactory.getTypeForFactoryBean(AbstractAutowireCapableBeanFactory.java:836)
	at org.springframework.beans.factory.support.AbstractBeanFactory.isTypeMatch(AbstractBeanFactory.java:620)
	at org.springframework.beans.factory.support.DefaultListableBeanFactory.doGetBeanNamesForType(DefaultListableBeanFactory.java:575)
	at org.springframework.beans.factory.support.DefaultListableBeanFactory.getBeanNamesForType(DefaultListableBeanFactory.java:534)
	at org.springframework.context.support.PostProcessorRegistrationDelegate.invokeBeanFactoryPostProcessors(PostProcessorRegistrationDelegate.java:138)
	at org.springframework.context.support.AbstractApplicationContext.invokeBeanFactoryPostProcessors(AbstractApplicationContext.java:789)
	at org.springframework.context.support.AbstractApplicationContext.refresh(AbstractApplicationContext.java:606)
	at org.springframework.boot.web.servlet.context.ServletWebServerApplicationContext.refresh(ServletWebServerApplicationContext.java:146)
	at org.springframework.boot.SpringApplication.refresh(SpringApplication.java:762)
	at org.springframework.boot.SpringApplication.refreshContext(SpringApplication.java:464)
	at org.springframework.boot.SpringApplication.run(SpringApplication.java:334)
	at org.springframework.boot.SpringApplication.run(SpringApplication.java:1358)
	at org.springframework.boot.SpringApplication.run(SpringApplication.java:1347)
	at com.student.system.StudentSystemApplication.main(StudentSystemApplication.java:20)
	at java.base/jdk.internal.reflect.NativeMethodAccessorImpl.invoke0(Native Method)
	at java.base/jdk.internal.reflect.NativeMethodAccessorImpl.invoke(NativeMethodAccessorImpl.java:77)
	at java.base/jdk.internal.reflect.DelegatingMethodAccessorImpl.invoke(DelegatingMethodAccessorImpl.java:43)
	at java.base/java.lang.reflect.Method.invoke(Method.java:569)
	at org.springframework.boot.devtools.restart.RestartLauncher.run(RestartLauncher.java:50)
2026-01-21 16:49:38.823 [restartedMain] INFO  com.student.system.StudentSystemApplication - Starting StudentSystemApplication using Java 17.0.17 with PID 61883 (/Users/jay/Desktop/project/backend/target/classes started by jay in /Users/jay/Desktop/project/backend)
2026-01-21 16:49:38.824 [restartedMain] DEBUG com.student.system.StudentSystemApplication - Running with Spring Boot v3.2.1, Spring v6.1.2
2026-01-21 16:49:38.824 [restartedMain] INFO  com.student.system.StudentSystemApplication - No active profile set, falling back to 1 default profile: "default"
2026-01-21 16:49:38.846 [restartedMain] INFO  o.s.b.d.env.DevToolsPropertyDefaultsPostProcessor - Devtools property defaults active! Set 'spring.devtools.add-properties' to 'false' to disable
2026-01-21 16:49:38.846 [restartedMain] INFO  o.s.b.d.env.DevToolsPropertyDefaultsPostProcessor - For additional web related logging consider setting the 'logging.level.web' property to 'DEBUG'
2026-01-21 16:49:39.312 [restartedMain] INFO  o.s.d.r.config.RepositoryConfigurationDelegate - Multiple Spring Data modules found, entering strict repository configuration mode
2026-01-21 16:49:39.313 [restartedMain] INFO  o.s.d.r.config.RepositoryConfigurationDelegate - Bootstrapping Spring Data Redis repositories in DEFAULT mode.
2026-01-21 16:49:39.323 [restartedMain] INFO  o.s.d.r.config.RepositoryConfigurationDelegate - Finished Spring Data repository scanning in 5 ms. Found 0 Redis repository interfaces.
2026-01-21 16:49:39.393 [restartedMain] WARN  o.s.b.w.s.c.AnnotationConfigServletWebServerApplicationContext - Exception encountered during context initialization - cancelling refresh attempt: java.lang.IllegalArgumentException: Invalid value type for attribute 'factoryBeanObjectType': java.lang.String
2026-01-21 16:49:39.404 [restartedMain] INFO  o.s.b.a.logging.ConditionEvaluationReportLogger - 

Error starting ApplicationContext. To display the condition evaluation report re-run your application with 'debug' enabled.
2026-01-21 16:49:39.418 [restartedMain] ERROR org.springframework.boot.SpringApplication - Application run failed
java.lang.IllegalArgumentException: Invalid value type for attribute 'factoryBeanObjectType': java.lang.String
	at org.springframework.beans.factory.support.FactoryBeanRegistrySupport.getTypeForFactoryBeanFromAttributes(FactoryBeanRegistrySupport.java:86)
	at org.springframework.beans.factory.support.AbstractAutowireCapableBeanFactory.getTypeForFactoryBean(AbstractAutowireCapableBeanFactory.java:836)
	at org.springframework.beans.factory.support.AbstractBeanFactory.isTypeMatch(AbstractBeanFactory.java:620)
	at org.springframework.beans.factory.support.DefaultListableBeanFactory.doGetBeanNamesForType(DefaultListableBeanFactory.java:575)
	at org.springframework.beans.factory.support.DefaultListableBeanFactory.getBeanNamesForType(DefaultListableBeanFactory.java:534)
	at org.springframework.context.support.PostProcessorRegistrationDelegate.invokeBeanFactoryPostProcessors(PostProcessorRegistrationDelegate.java:138)
	at org.springframework.context.support.AbstractApplicationContext.invokeBeanFactoryPostProcessors(AbstractApplicationContext.java:789)
	at org.springframework.context.support.AbstractApplicationContext.refresh(AbstractApplicationContext.java:606)
	at org.springframework.boot.web.servlet.context.ServletWebServerApplicationContext.refresh(ServletWebServerApplicationContext.java:146)
	at org.springframework.boot.SpringApplication.refresh(SpringApplication.java:762)
	at org.springframework.boot.SpringApplication.refreshContext(SpringApplication.java:464)
	at org.springframework.boot.SpringApplication.run(SpringApplication.java:334)
	at org.springframework.boot.SpringApplication.run(SpringApplication.java:1358)
	at org.springframework.boot.SpringApplication.run(SpringApplication.java:1347)
	at com.student.system.StudentSystemApplication.main(StudentSystemApplication.java:20)
	at java.base/jdk.internal.reflect.NativeMethodAccessorImpl.invoke0(Native Method)
	at java.base/jdk.internal.reflect.NativeMethodAccessorImpl.invoke(NativeMethodAccessorImpl.java:77)
	at java.base/jdk.internal.reflect.DelegatingMethodAccessorImpl.invoke(DelegatingMethodAccessorImpl.java:43)
	at java.base/java.lang.reflect.Method.invoke(Method.java:569)
	at org.springframework.boot.devtools.restart.RestartLauncher.run(RestartLauncher.java:50)
2026-01-21 16:51:30.406 [restartedMain] INFO  com.student.system.StudentSystemApplication - Starting StudentSystemApplication using Java 17.0.17 with PID 63118 (/Users/jay/Desktop/project/backend/target/classes started by jay in /Users/jay/Desktop/project/backend)
2026-01-21 16:51:30.407 [restartedMain] DEBUG com.student.system.StudentSystemApplication - Running with Spring Boot v3.1.6, Spring v6.0.14
2026-01-21 16:51:30.407 [restartedMain] INFO  com.student.system.StudentSystemApplication - No active profile set, falling back to 1 default profile: "default"
2026-01-21 16:51:30.428 [restartedMain] INFO  o.s.b.d.env.DevToolsPropertyDefaultsPostProcessor - Devtools property defaults active! Set 'spring.devtools.add-properties' to 'false' to disable
2026-01-21 16:51:30.428 [restartedMain] INFO  o.s.b.d.env.DevToolsPropertyDefaultsPostProcessor - For additional web related logging consider setting the 'logging.level.web' property to 'DEBUG'
2026-01-21 16:51:30.862 [restartedMain] INFO  o.s.d.r.config.RepositoryConfigurationDelegate - Multiple Spring Data modules found, entering strict repository configuration mode
2026-01-21 16:51:30.864 [restartedMain] INFO  o.s.d.r.config.RepositoryConfigurationDelegate - Bootstrapping Spring Data Redis repositories in DEFAULT mode.
2026-01-21 16:51:30.875 [restartedMain] INFO  o.s.d.r.config.RepositoryConfigurationDelegate - Finished Spring Data repository scanning in 5 ms. Found 0 Redis repository interfaces.
2026-01-21 16:51:31.300 [restartedMain] INFO  o.s.boot.web.embedded.tomcat.TomcatWebServer - Tomcat initialized with port(s): 8088 (http)
2026-01-21 16:51:31.305 [restartedMain] INFO  org.apache.catalina.core.StandardService - Starting service [Tomcat]
2026-01-21 16:51:31.305 [restartedMain] INFO  org.apache.catalina.core.StandardEngine - Starting Servlet engine: [Apache Tomcat/10.1.16]
2026-01-21 16:51:31.330 [restartedMain] INFO  o.a.c.c.ContainerBase.[Tomcat].[localhost].[/api] - Initializing Spring embedded WebApplicationContext
2026-01-21 16:51:31.331 [restartedMain] INFO  o.s.b.w.s.c.ServletWebServerApplicationContext - Root WebApplicationContext: initialization completed in 902 ms
2026-01-21 16:51:31.711 [restartedMain] DEBUG c.student.system.security.JwtAuthenticationFilter - Filter 'jwtAuthenticationFilter' configured for use
2026-01-21 16:51:32.013 [restartedMain] INFO  o.s.b.actuate.endpoint.web.EndpointLinksResolver - Exposing 4 endpoint(s) beneath base path '/actuator'
2026-01-21 16:51:32.092 [restartedMain] INFO  o.s.security.web.DefaultSecurityFilterChain - Will secure any request with [org.springframework.security.web.session.DisableEncodeUrlFilter@1f40b83b, org.springframework.security.web.context.request.async.WebAsyncManagerIntegrationFilter@70a9d0e4, org.springframework.security.web.context.SecurityContextHolderFilter@186ee56f, org.springframework.security.web.header.HeaderWriterFilter@702e87bc, org.springframework.security.web.authentication.logout.LogoutFilter@796ca84f, com.student.system.security.JwtAuthenticationFilter@5cb3c3ac, org.springframework.security.web.savedrequest.RequestCacheAwareFilter@141f35cf, org.springframework.security.web.servletapi.SecurityContextHolderAwareRequestFilter@2342a9de, org.springframework.security.web.authentication.AnonymousAuthenticationFilter@1b9b5558, org.springframework.security.web.session.SessionManagementFilter@1ba1d873, org.springframework.security.web.access.ExceptionTranslationFilter@57af54ea, org.springframework.security.web.access.intercept.AuthorizationFilter@2e683dda]
2026-01-21 16:51:32.408 [restartedMain] INFO  o.s.b.d.autoconfigure.OptionalLiveReloadServer - LiveReload server is running on port 35729
2026-01-21 16:51:32.462 [restartedMain] INFO  o.s.boot.web.embedded.tomcat.TomcatWebServer - Tomcat started on port(s): 8088 (http) with context path '/api'
2026-01-21 16:51:32.472 [restartedMain] INFO  com.student.system.StudentSystemApplication - Started StudentSystemApplication in 2.26 seconds (process running for 2.45)
2026-01-21 16:52:47.620 [restartedMain] INFO  com.student.system.StudentSystemApplication - Starting StudentSystemApplication using Java 17.0.17 with PID 63987 (/Users/jay/Desktop/project/backend/target/classes started by jay in /Users/jay/Desktop/project/backend)
2026-01-21 16:52:47.621 [restartedMain] DEBUG com.student.system.StudentSystemApplication - Running with Spring Boot v3.1.6, Spring v6.0.14
2026-01-21 16:52:47.621 [restartedMain] INFO  com.student.system.StudentSystemApplication - No active profile set, falling back to 1 default profile: "default"
2026-01-21 16:52:47.644 [restartedMain] INFO  o.s.b.d.env.DevToolsPropertyDefaultsPostProcessor - Devtools property defaults active! Set 'spring.devtools.add-properties' to 'false' to disable
2026-01-21 16:52:47.644 [restartedMain] INFO  o.s.b.d.env.DevToolsPropertyDefaultsPostProcessor - For additional web related logging consider setting the 'logging.level.web' property to 'DEBUG'
2026-01-21 16:52:48.078 [restartedMain] INFO  o.s.d.r.config.RepositoryConfigurationDelegate - Multiple Spring Data modules found, entering strict repository configuration mode
2026-01-21 16:52:48.079 [restartedMain] INFO  o.s.d.r.config.RepositoryConfigurationDelegate - Bootstrapping Spring Data Redis repositories in DEFAULT mode.
2026-01-21 16:52:48.089 [restartedMain] INFO  o.s.d.r.config.RepositoryConfigurationDelegate - Finished Spring Data repository scanning in 5 ms. Found 0 Redis repository interfaces.
2026-01-21 16:52:48.514 [restartedMain] INFO  o.s.boot.web.embedded.tomcat.TomcatWebServer - Tomcat initialized with port(s): 8088 (http)
2026-01-21 16:52:48.517 [restartedMain] INFO  org.apache.catalina.core.StandardService - Starting service [Tomcat]
2026-01-21 16:52:48.517 [restartedMain] INFO  org.apache.catalina.core.StandardEngine - Starting Servlet engine: [Apache Tomcat/10.1.16]
2026-01-21 16:52:48.541 [restartedMain] INFO  o.a.c.c.ContainerBase.[Tomcat].[localhost].[/api] - Initializing Spring embedded WebApplicationContext
2026-01-21 16:52:48.541 [restartedMain] INFO  o.s.b.w.s.c.ServletWebServerApplicationContext - Root WebApplicationContext: initialization completed in 897 ms
2026-01-21 16:52:48.909 [restartedMain] DEBUG c.student.system.security.JwtAuthenticationFilter - Filter 'jwtAuthenticationFilter' configured for use
2026-01-21 16:52:49.216 [restartedMain] INFO  o.s.b.actuate.endpoint.web.EndpointLinksResolver - Exposing 4 endpoint(s) beneath base path '/actuator'
2026-01-21 16:52:49.282 [restartedMain] INFO  o.s.security.web.DefaultSecurityFilterChain - Will secure any request with [org.springframework.security.web.session.DisableEncodeUrlFilter@6ee222c1, org.springframework.security.web.context.request.async.WebAsyncManagerIntegrationFilter@198fff47, org.springframework.security.web.context.SecurityContextHolderFilter@2e7eca0f, org.springframework.security.web.header.HeaderWriterFilter@7fbe85db, org.springframework.security.web.authentication.logout.LogoutFilter@3c93b841, com.student.system.security.JwtAuthenticationFilter@110116c2, org.springframework.security.web.savedrequest.RequestCacheAwareFilter@4766cfed, org.springframework.security.web.servletapi.SecurityContextHolderAwareRequestFilter@4a30265, org.springframework.security.web.authentication.AnonymousAuthenticationFilter@2733476d, org.springframework.security.web.session.SessionManagementFilter@5b04762b, org.springframework.security.web.access.ExceptionTranslationFilter@4f93cf82, org.springframework.security.web.access.intercept.AuthorizationFilter@254a5a00]
2026-01-21 16:52:49.687 [restartedMain] INFO  o.s.b.d.autoconfigure.OptionalLiveReloadServer - LiveReload server is running on port 35729
2026-01-21 16:52:49.738 [restartedMain] INFO  o.s.boot.web.embedded.tomcat.TomcatWebServer - Tomcat started on port(s): 8088 (http) with context path '/api'
2026-01-21 16:52:49.748 [restartedMain] INFO  com.student.system.StudentSystemApplication - Started StudentSystemApplication in 2.32 seconds (process running for 2.501)
2026-01-21 16:53:00.107 [http-nio-8088-exec-1] INFO  o.a.c.c.ContainerBase.[Tomcat].[localhost].[/api] - Initializing Spring DispatcherServlet 'dispatcherServlet'
2026-01-21 16:53:00.108 [http-nio-8088-exec-1] INFO  org.springframework.web.servlet.DispatcherServlet - Initializing Servlet 'dispatcherServlet'
2026-01-21 16:53:00.110 [http-nio-8088-exec-1] INFO  org.springframework.web.servlet.DispatcherServlet - Completed initialization in 2 ms
2026-01-21 16:53:00.125 [http-nio-8088-exec-1] WARN  o.s.web.servlet.handler.HandlerMappingIntrospector - Cache miss for REQUEST dispatch to '/api/auth/login' (previous null). Performing MatchableHandlerMapping lookup. This is logged once only at WARN level, and every time at TRACE.
2026-01-21 16:53:00.184 [http-nio-8088-exec-1] INFO  com.student.system.controller.AuthController - 用户登录请求: admin
2026-01-21 16:53:00.221 [http-nio-8088-exec-1] INFO  com.zaxxer.hikari.HikariDataSource - StudentSystemHikariCP - Starting...
2026-01-21 16:53:00.316 [http-nio-8088-exec-1] INFO  com.zaxxer.hikari.pool.HikariPool - StudentSystemHikariCP - Added connection com.mysql.cj.jdbc.ConnectionImpl@51467af5
2026-01-21 16:53:00.317 [http-nio-8088-exec-1] INFO  com.zaxxer.hikari.HikariDataSource - StudentSystemHikariCP - Start completed.
2026-01-21 16:53:00.321 [http-nio-8088-exec-1] DEBUG c.student.system.mapper.SysUserMapper.selectList - ==>  Preparing: SELECT id,username,password,nickname,email,phone,avatar,status,deleted,create_time,update_time FROM sys_user WHERE deleted=0 AND (username = ?)
2026-01-21 16:53:00.331 [http-nio-8088-exec-1] DEBUG c.student.system.mapper.SysUserMapper.selectList - ==> Parameters: admin(String)
2026-01-21 16:53:00.367 [http-nio-8088-exec-1] ERROR o.a.c.c.C.[.[localhost].[/api].[dispatcherServlet] - Servlet.service() for servlet [dispatcherServlet] in context with path [/api] threw exception [Request processing failed: org.springframework.jdbc.BadSqlGrammarException: 
### Error querying database.  Cause: java.sql.SQLSyntaxErrorException: Unknown column 'deleted' in 'field list'
### The error may exist in com/student/system/mapper/SysUserMapper.java (best guess)
### The error may involve defaultParameterMap
### The error occurred while setting parameters
### SQL: SELECT  id,username,password,nickname,email,phone,avatar,status,deleted,create_time,update_time  FROM sys_user  WHERE deleted=0     AND (username = ?)
### Cause: java.sql.SQLSyntaxErrorException: Unknown column 'deleted' in 'field list'
; bad SQL grammar []] with root cause
java.sql.SQLSyntaxErrorException: Unknown column 'deleted' in 'field list'
	at com.mysql.cj.jdbc.exceptions.SQLError.createSQLException(SQLError.java:121)
	at com.mysql.cj.jdbc.exceptions.SQLExceptionsMapping.translateException(SQLExceptionsMapping.java:122)
	at com.mysql.cj.jdbc.ClientPreparedStatement.executeInternal(ClientPreparedStatement.java:916)
	at com.mysql.cj.jdbc.ClientPreparedStatement.execute(ClientPreparedStatement.java:354)
	at com.zaxxer.hikari.pool.ProxyPreparedStatement.execute(ProxyPreparedStatement.java:44)
	at com.zaxxer.hikari.pool.HikariProxyPreparedStatement.execute(HikariProxyPreparedStatement.java)
	at java.base/jdk.internal.reflect.NativeMethodAccessorImpl.invoke0(Native Method)
	at java.base/jdk.internal.reflect.NativeMethodAccessorImpl.invoke(NativeMethodAccessorImpl.java:77)
	at java.base/jdk.internal.reflect.DelegatingMethodAccessorImpl.invoke(DelegatingMethodAccessorImpl.java:43)
	at java.base/java.lang.reflect.Method.invoke(Method.java:569)
	at org.apache.ibatis.logging.jdbc.PreparedStatementLogger.invoke(PreparedStatementLogger.java:58)
	at jdk.proxy4/jdk.proxy4.$Proxy127.execute(Unknown Source)
	at org.apache.ibatis.executor.statement.PreparedStatementHandler.query(PreparedStatementHandler.java:65)
	at org.apache.ibatis.executor.statement.RoutingStatementHandler.query(RoutingStatementHandler.java:80)
	at java.base/jdk.internal.reflect.NativeMethodAccessorImpl.invoke0(Native Method)
	at java.base/jdk.internal.reflect.NativeMethodAccessorImpl.invoke(NativeMethodAccessorImpl.java:77)
	at java.base/jdk.internal.reflect.DelegatingMethodAccessorImpl.invoke(DelegatingMethodAccessorImpl.java:43)
	at java.base/java.lang.reflect.Method.invoke(Method.java:569)
	at org.apache.ibatis.plugin.Plugin.invoke(Plugin.java:61)
	at jdk.proxy2/jdk.proxy2.$Proxy125.query(Unknown Source)
	at org.apache.ibatis.executor.SimpleExecutor.doQuery(SimpleExecutor.java:65)
	at org.apache.ibatis.executor.BaseExecutor.queryFromDatabase(BaseExecutor.java:336)
	at org.apache.ibatis.executor.BaseExecutor.query(BaseExecutor.java:158)
	at org.apache.ibatis.executor.CachingExecutor.query(CachingExecutor.java:110)
	at com.baomidou.mybatisplus.extension.plugins.MybatisPlusInterceptor.intercept(MybatisPlusInterceptor.java:81)
	at org.apache.ibatis.plugin.Plugin.invoke(Plugin.java:59)
	at jdk.proxy2/jdk.proxy2.$Proxy124.query(Unknown Source)
	at org.apache.ibatis.session.defaults.DefaultSqlSession.selectList(DefaultSqlSession.java:154)
	at org.apache.ibatis.session.defaults.DefaultSqlSession.selectList(DefaultSqlSession.java:147)
	at org.apache.ibatis.session.defaults.DefaultSqlSession.selectList(DefaultSqlSession.java:142)
	at java.base/jdk.internal.reflect.NativeMethodAccessorImpl.invoke0(Native Method)
	at java.base/jdk.internal.reflect.NativeMethodAccessorImpl.invoke(NativeMethodAccessorImpl.java:77)
	at java.base/jdk.internal.reflect.DelegatingMethodAccessorImpl.invoke(DelegatingMethodAccessorImpl.java:43)
	at java.base/java.lang.reflect.Method.invoke(Method.java:569)
	at org.mybatis.spring.SqlSessionTemplate$SqlSessionInterceptor.invoke(SqlSessionTemplate.java:425)
	at jdk.proxy2/jdk.proxy2.$Proxy102.selectList(Unknown Source)
	at org.mybatis.spring.SqlSessionTemplate.selectList(SqlSessionTemplate.java:224)
	at com.baomidou.mybatisplus.core.override.MybatisMapperMethod.executeForMany(MybatisMapperMethod.java:164)
	at com.baomidou.mybatisplus.core.override.MybatisMapperMethod.execute(MybatisMapperMethod.java:77)
	at com.baomidou.mybatisplus.core.override.MybatisMapperProxy$PlainMethodInvoker.invoke(MybatisMapperProxy.java:149)
	at com.baomidou.mybatisplus.core.override.MybatisMapperProxy.invoke(MybatisMapperProxy.java:90)
	at jdk.proxy3/jdk.proxy3.$Proxy107.selectList(Unknown Source)
	at com.baomidou.mybatisplus.core.mapper.BaseMapper.selectOne(BaseMapper.java:223)
	at java.base/java.lang.invoke.MethodHandle.invokeWithArguments(MethodHandle.java:732)
	at com.baomidou.mybatisplus.core.override.MybatisMapperProxy$DefaultMethodInvoker.invoke(MybatisMapperProxy.java:163)
	at com.baomidou.mybatisplus.core.override.MybatisMapperProxy.invoke(MybatisMapperProxy.java:90)
	at jdk.proxy3/jdk.proxy3.$Proxy107.selectOne(Unknown Source)
	at com.baomidou.mybatisplus.core.mapper.BaseMapper.selectOne(BaseMapper.java:212)
	at java.base/java.lang.invoke.MethodHandle.invokeWithArguments(MethodHandle.java:732)
	at com.baomidou.mybatisplus.core.override.MybatisMapperProxy$DefaultMethodInvoker.invoke(MybatisMapperProxy.java:163)
	at com.baomidou.mybatisplus.core.override.MybatisMapperProxy.invoke(MybatisMapperProxy.java:90)
	at jdk.proxy3/jdk.proxy3.$Proxy107.selectOne(Unknown Source)
	at com.student.system.service.impl.AuthServiceImpl.login(AuthServiceImpl.java:49)
	at com.student.system.controller.AuthController.login(AuthController.java:33)
	at java.base/jdk.internal.reflect.NativeMethodAccessorImpl.invoke0(Native Method)
	at java.base/jdk.internal.reflect.NativeMethodAccessorImpl.invoke(NativeMethodAccessorImpl.java:77)
	at java.base/jdk.internal.reflect.DelegatingMethodAccessorImpl.invoke(DelegatingMethodAccessorImpl.java:43)
	at java.base/java.lang.reflect.Method.invoke(Method.java:569)
	at org.springframework.web.method.support.InvocableHandlerMethod.doInvoke(InvocableHandlerMethod.java:205)
	at org.springframework.web.method.support.InvocableHandlerMethod.invokeForRequest(InvocableHandlerMethod.java:150)
	at org.springframework.web.servlet.mvc.method.annotation.ServletInvocableHandlerMethod.invokeAndHandle(ServletInvocableHandlerMethod.java:118)
	at org.springframework.web.servlet.mvc.method.annotation.RequestMappingHandlerAdapter.invokeHandlerMethod(RequestMappingHandlerAdapter.java:884)
	at org.springframework.web.servlet.mvc.method.annotation.RequestMappingHandlerAdapter.handleInternal(RequestMappingHandlerAdapter.java:797)
	at org.springframework.web.servlet.mvc.method.AbstractHandlerMethodAdapter.handle(AbstractHandlerMethodAdapter.java:87)
	at org.springframework.web.servlet.DispatcherServlet.doDispatch(DispatcherServlet.java:1081)
	at org.springframework.web.servlet.DispatcherServlet.doService(DispatcherServlet.java:974)
	at org.springframework.web.servlet.FrameworkServlet.processRequest(FrameworkServlet.java:1014)
	at org.springframework.web.servlet.FrameworkServlet.doPost(FrameworkServlet.java:914)
	at jakarta.servlet.http.HttpServlet.service(HttpServlet.java:590)
	at org.springframework.web.servlet.FrameworkServlet.service(FrameworkServlet.java:885)
	at jakarta.servlet.http.HttpServlet.service(HttpServlet.java:658)
	at org.apache.catalina.core.ApplicationFilterChain.internalDoFilter(ApplicationFilterChain.java:205)
	at org.apache.catalina.core.ApplicationFilterChain.doFilter(ApplicationFilterChain.java:149)
	at org.apache.tomcat.websocket.server.WsFilter.doFilter(WsFilter.java:51)
	at org.apache.catalina.core.ApplicationFilterChain.internalDoFilter(ApplicationFilterChain.java:174)
	at org.apache.catalina.core.ApplicationFilterChain.doFilter(ApplicationFilterChain.java:149)
	at org.springframework.web.filter.CorsFilter.doFilterInternal(CorsFilter.java:91)
	at org.springframework.web.filter.OncePerRequestFilter.doFilter(OncePerRequestFilter.java:116)
	at org.apache.catalina.core.ApplicationFilterChain.internalDoFilter(ApplicationFilterChain.java:174)
	at org.apache.catalina.core.ApplicationFilterChain.doFilter(ApplicationFilterChain.java:149)
	at org.springframework.web.filter.OncePerRequestFilter.doFilter(OncePerRequestFilter.java:110)
	at org.apache.catalina.core.ApplicationFilterChain.internalDoFilter(ApplicationFilterChain.java:174)
	at org.apache.catalina.core.ApplicationFilterChain.doFilter(ApplicationFilterChain.java:149)
	at org.springframework.security.web.FilterChainProxy.lambda$doFilterInternal$3(FilterChainProxy.java:231)
	at org.springframework.security.web.ObservationFilterChainDecorator$FilterObservation$SimpleFilterObservation.lambda$wrap$1(ObservationFilterChainDecorator.java:479)
	at org.springframework.security.web.ObservationFilterChainDecorator$AroundFilterObservation$SimpleAroundFilterObservation.lambda$wrap$1(ObservationFilterChainDecorator.java:340)
	at org.springframework.security.web.ObservationFilterChainDecorator.lambda$wrapSecured$0(ObservationFilterChainDecorator.java:82)
	at org.springframework.security.web.ObservationFilterChainDecorator$VirtualFilterChain.doFilter(ObservationFilterChainDecorator.java:128)
	at org.springframework.security.web.access.intercept.AuthorizationFilter.doFilter(AuthorizationFilter.java:100)
	at org.springframework.security.web.ObservationFilterChainDecorator$ObservationFilter.wrapFilter(ObservationFilterChainDecorator.java:240)
	at org.springframework.security.web.ObservationFilterChainDecorator$ObservationFilter.doFilter(ObservationFilterChainDecorator.java:227)
	at org.springframework.security.web.ObservationFilterChainDecorator$VirtualFilterChain.doFilter(ObservationFilterChainDecorator.java:137)
	at org.springframework.security.web.access.ExceptionTranslationFilter.doFilter(ExceptionTranslationFilter.java:126)
	at org.springframework.security.web.access.ExceptionTranslationFilter.doFilter(ExceptionTranslationFilter.java:120)
	at org.springframework.security.web.ObservationFilterChainDecorator$ObservationFilter.wrapFilter(ObservationFilterChainDecorator.java:240)
	at org.springframework.security.web.ObservationFilterChainDecorator$ObservationFilter.doFilter(ObservationFilterChainDecorator.java:227)
	at org.springframework.security.web.ObservationFilterChainDecorator$VirtualFilterChain.doFilter(ObservationFilterChainDecorator.java:137)
	at org.springframework.security.web.session.SessionManagementFilter.doFilter(SessionManagementFilter.java:131)
	at org.springframework.security.web.session.SessionManagementFilter.doFilter(SessionManagementFilter.java:85)
	at org.springframework.security.web.ObservationFilterChainDecorator$ObservationFilter.wrapFilter(ObservationFilterChainDecorator.java:240)
	at org.springframework.security.web.ObservationFilterChainDecorator$ObservationFilter.doFilter(ObservationFilterChainDecorator.java:227)
	at org.springframework.security.web.ObservationFilterChainDecorator$VirtualFilterChain.doFilter(ObservationFilterChainDecorator.java:137)
	at org.springframework.security.web.authentication.AnonymousAuthenticationFilter.doFilter(AnonymousAuthenticationFilter.java:100)
	at org.springframework.security.web.ObservationFilterChainDecorator$ObservationFilter.wrapFilter(ObservationFilterChainDecorator.java:240)
	at org.springframework.security.web.ObservationFilterChainDecorator$ObservationFilter.doFilter(ObservationFilterChainDecorator.java:227)
	at org.springframework.security.web.ObservationFilterChainDecorator$VirtualFilterChain.doFilter(ObservationFilterChainDecorator.java:137)
	at org.springframework.security.web.servletapi.SecurityContextHolderAwareRequestFilter.doFilter(SecurityContextHolderAwareRequestFilter.java:179)
	at org.springframework.security.web.ObservationFilterChainDecorator$ObservationFilter.wrapFilter(ObservationFilterChainDecorator.java:240)
	at org.springframework.security.web.ObservationFilterChainDecorator$ObservationFilter.doFilter(ObservationFilterChainDecorator.java:227)
	at org.springframework.security.web.ObservationFilterChainDecorator$VirtualFilterChain.doFilter(ObservationFilterChainDecorator.java:137)
	at org.springframework.security.web.savedrequest.RequestCacheAwareFilter.doFilter(RequestCacheAwareFilter.java:63)
	at org.springframework.security.web.ObservationFilterChainDecorator$ObservationFilter.wrapFilter(ObservationFilterChainDecorator.java:240)
	at org.springframework.security.web.ObservationFilterChainDecorator$ObservationFilter.doFilter(ObservationFilterChainDecorator.java:227)
	at org.springframework.security.web.ObservationFilterChainDecorator$VirtualFilterChain.doFilter(ObservationFilterChainDecorator.java:137)
	at com.student.system.security.JwtAuthenticationFilter.doFilterInternal(JwtAuthenticationFilter.java:97)
	at org.springframework.web.filter.OncePerRequestFilter.doFilter(OncePerRequestFilter.java:116)
	at org.springframework.security.web.ObservationFilterChainDecorator$ObservationFilter.wrapFilter(ObservationFilterChainDecorator.java:240)
	at org.springframework.security.web.ObservationFilterChainDecorator$ObservationFilter.doFilter(ObservationFilterChainDecorator.java:227)
	at org.springframework.security.web.ObservationFilterChainDecorator$VirtualFilterChain.doFilter(ObservationFilterChainDecorator.java:137)
	at org.springframework.security.web.authentication.logout.LogoutFilter.doFilter(LogoutFilter.java:107)
	at org.springframework.security.web.authentication.logout.LogoutFilter.doFilter(LogoutFilter.java:93)
	at org.springframework.security.web.ObservationFilterChainDecorator$ObservationFilter.wrapFilter(ObservationFilterChainDecorator.java:240)
	at org.springframework.security.web.ObservationFilterChainDecorator$ObservationFilter.doFilter(ObservationFilterChainDecorator.java:227)
	at org.springframework.security.web.ObservationFilterChainDecorator$VirtualFilterChain.doFilter(ObservationFilterChainDecorator.java:137)
	at org.springframework.security.web.header.HeaderWriterFilter.doHeadersAfter(HeaderWriterFilter.java:90)
	at org.springframework.security.web.header.HeaderWriterFilter.doFilterInternal(HeaderWriterFilter.java:75)
	at org.springframework.web.filter.OncePerRequestFilter.doFilter(OncePerRequestFilter.java:116)
	at org.springframework.security.web.ObservationFilterChainDecorator$ObservationFilter.wrapFilter(ObservationFilterChainDecorator.java:240)
	at org.springframework.security.web.ObservationFilterChainDecorator$ObservationFilter.doFilter(ObservationFilterChainDecorator.java:227)
	at org.springframework.security.web.ObservationFilterChainDecorator$VirtualFilterChain.doFilter(ObservationFilterChainDecorator.java:137)
	at org.springframework.security.web.context.SecurityContextHolderFilter.doFilter(SecurityContextHolderFilter.java:82)
	at org.springframework.security.web.context.SecurityContextHolderFilter.doFilter(SecurityContextHolderFilter.java:69)
	at org.springframework.security.web.ObservationFilterChainDecorator$ObservationFilter.wrapFilter(ObservationFilterChainDecorator.java:240)
	at org.springframework.security.web.ObservationFilterChainDecorator$ObservationFilter.doFilter(ObservationFilterChainDecorator.java:227)
	at org.springframework.security.web.ObservationFilterChainDecorator$VirtualFilterChain.doFilter(ObservationFilterChainDecorator.java:137)
	at org.springframework.security.web.context.request.async.WebAsyncManagerIntegrationFilter.doFilterInternal(WebAsyncManagerIntegrationFilter.java:62)
	at org.springframework.web.filter.OncePerRequestFilter.doFilter(OncePerRequestFilter.java:116)
	at org.springframework.security.web.ObservationFilterChainDecorator$ObservationFilter.wrapFilter(ObservationFilterChainDecorator.java:240)
	at org.springframework.security.web.ObservationFilterChainDecorator$ObservationFilter.doFilter(ObservationFilterChainDecorator.java:227)
	at org.springframework.security.web.ObservationFilterChainDecorator$VirtualFilterChain.doFilter(ObservationFilterChainDecorator.java:137)
	at org.springframework.security.web.session.DisableEncodeUrlFilter.doFilterInternal(DisableEncodeUrlFilter.java:42)
	at org.springframework.web.filter.OncePerRequestFilter.doFilter(OncePerRequestFilter.java:116)
	at org.springframework.security.web.ObservationFilterChainDecorator$ObservationFilter.wrapFilter(ObservationFilterChainDecorator.java:240)
	at org.springframework.security.web.ObservationFilterChainDecorator$AroundFilterObservation$SimpleAroundFilterObservation.lambda$wrap$0(ObservationFilterChainDecorator.java:323)
	at org.springframework.security.web.ObservationFilterChainDecorator$ObservationFilter.doFilter(ObservationFilterChainDecorator.java:224)
	at org.springframework.security.web.ObservationFilterChainDecorator$VirtualFilterChain.doFilter(ObservationFilterChainDecorator.java:137)
	at org.springframework.security.web.FilterChainProxy.doFilterInternal(FilterChainProxy.java:233)
	at org.springframework.security.web.FilterChainProxy.doFilter(FilterChainProxy.java:191)
	at org.springframework.web.filter.DelegatingFilterProxy.invokeDelegate(DelegatingFilterProxy.java:352)
	at org.springframework.web.filter.DelegatingFilterProxy.doFilter(DelegatingFilterProxy.java:268)
	at org.apache.catalina.core.ApplicationFilterChain.internalDoFilter(ApplicationFilterChain.java:174)
	at org.apache.catalina.core.ApplicationFilterChain.doFilter(ApplicationFilterChain.java:149)
	at org.springframework.web.filter.RequestContextFilter.doFilterInternal(RequestContextFilter.java:100)
	at org.springframework.web.filter.OncePerRequestFilter.doFilter(OncePerRequestFilter.java:116)
	at org.apache.catalina.core.ApplicationFilterChain.internalDoFilter(ApplicationFilterChain.java:174)
	at org.apache.catalina.core.ApplicationFilterChain.doFilter(ApplicationFilterChain.java:149)
	at org.springframework.web.filter.FormContentFilter.doFilterInternal(FormContentFilter.java:93)
	at org.springframework.web.filter.OncePerRequestFilter.doFilter(OncePerRequestFilter.java:116)
	at org.apache.catalina.core.ApplicationFilterChain.internalDoFilter(ApplicationFilterChain.java:174)
	at org.apache.catalina.core.ApplicationFilterChain.doFilter(ApplicationFilterChain.java:149)
	at org.springframework.web.filter.ServerHttpObservationFilter.doFilterInternal(ServerHttpObservationFilter.java:109)
	at org.springframework.web.filter.OncePerRequestFilter.doFilter(OncePerRequestFilter.java:116)
	at org.apache.catalina.core.ApplicationFilterChain.internalDoFilter(ApplicationFilterChain.java:174)
	at org.apache.catalina.core.ApplicationFilterChain.doFilter(ApplicationFilterChain.java:149)
	at org.springframework.web.filter.CharacterEncodingFilter.doFilterInternal(CharacterEncodingFilter.java:201)
	at org.springframework.web.filter.OncePerRequestFilter.doFilter(OncePerRequestFilter.java:116)
	at org.apache.catalina.core.ApplicationFilterChain.internalDoFilter(ApplicationFilterChain.java:174)
	at org.apache.catalina.core.ApplicationFilterChain.doFilter(ApplicationFilterChain.java:149)
	at org.apache.catalina.core.StandardWrapperValve.invoke(StandardWrapperValve.java:167)
	at org.apache.catalina.core.StandardContextValve.invoke(StandardContextValve.java:90)
	at org.apache.catalina.authenticator.AuthenticatorBase.invoke(AuthenticatorBase.java:482)
	at org.apache.catalina.core.StandardHostValve.invoke(StandardHostValve.java:115)
	at org.apache.catalina.valves.ErrorReportValve.invoke(ErrorReportValve.java:93)
	at org.apache.catalina.core.StandardEngineValve.invoke(StandardEngineValve.java:74)
	at org.apache.catalina.connector.CoyoteAdapter.service(CoyoteAdapter.java:340)
	at org.apache.coyote.http11.Http11Processor.service(Http11Processor.java:391)
	at org.apache.coyote.AbstractProcessorLight.process(AbstractProcessorLight.java:63)
	at org.apache.coyote.AbstractProtocol$ConnectionHandler.process(AbstractProtocol.java:896)
	at org.apache.tomcat.util.net.NioEndpoint$SocketProcessor.doRun(NioEndpoint.java:1744)
	at org.apache.tomcat.util.net.SocketProcessorBase.run(SocketProcessorBase.java:52)
	at org.apache.tomcat.util.threads.ThreadPoolExecutor.runWorker(ThreadPoolExecutor.java:1191)
	at org.apache.tomcat.util.threads.ThreadPoolExecutor$Worker.run(ThreadPoolExecutor.java:659)
	at org.apache.tomcat.util.threads.TaskThread$WrappingRunnable.run(TaskThread.java:61)
	at java.base/java.lang.Thread.run(Thread.java:840)
2026-01-21 16:53:30.694 [http-nio-8088-exec-3] INFO  com.student.system.controller.AuthController - 用户登录请求: admin
2026-01-21 16:53:30.710 [http-nio-8088-exec-3] DEBUG c.student.system.mapper.SysUserMapper.selectList - ==>  Preparing: SELECT id,username,password,nickname,email,phone,avatar,status,deleted,create_time,update_time FROM sys_user WHERE deleted=0 AND (username = ?)
2026-01-21 16:53:30.710 [http-nio-8088-exec-3] DEBUG c.student.system.mapper.SysUserMapper.selectList - ==> Parameters: admin(String)
2026-01-21 16:53:30.715 [http-nio-8088-exec-3] ERROR o.a.c.c.C.[.[localhost].[/api].[dispatcherServlet] - Servlet.service() for servlet [dispatcherServlet] in context with path [/api] threw exception [Request processing failed: org.springframework.jdbc.BadSqlGrammarException: 
### Error querying database.  Cause: java.sql.SQLSyntaxErrorException: Unknown column 'deleted' in 'field list'
### The error may exist in com/student/system/mapper/SysUserMapper.java (best guess)
### The error may involve defaultParameterMap
### The error occurred while setting parameters
### SQL: SELECT  id,username,password,nickname,email,phone,avatar,status,deleted,create_time,update_time  FROM sys_user  WHERE deleted=0     AND (username = ?)
### Cause: java.sql.SQLSyntaxErrorException: Unknown column 'deleted' in 'field list'
; bad SQL grammar []] with root cause
java.sql.SQLSyntaxErrorException: Unknown column 'deleted' in 'field list'
	at com.mysql.cj.jdbc.exceptions.SQLError.createSQLException(SQLError.java:121)
	at com.mysql.cj.jdbc.exceptions.SQLExceptionsMapping.translateException(SQLExceptionsMapping.java:122)
	at com.mysql.cj.jdbc.ClientPreparedStatement.executeInternal(ClientPreparedStatement.java:916)
	at com.mysql.cj.jdbc.ClientPreparedStatement.execute(ClientPreparedStatement.java:354)
	at com.zaxxer.hikari.pool.ProxyPreparedStatement.execute(ProxyPreparedStatement.java:44)
	at com.zaxxer.hikari.pool.HikariProxyPreparedStatement.execute(HikariProxyPreparedStatement.java)
	at java.base/jdk.internal.reflect.NativeMethodAccessorImpl.invoke0(Native Method)
	at java.base/jdk.internal.reflect.NativeMethodAccessorImpl.invoke(NativeMethodAccessorImpl.java:77)
	at java.base/jdk.internal.reflect.DelegatingMethodAccessorImpl.invoke(DelegatingMethodAccessorImpl.java:43)
	at java.base/java.lang.reflect.Method.invoke(Method.java:569)
	at org.apache.ibatis.logging.jdbc.PreparedStatementLogger.invoke(PreparedStatementLogger.java:58)
	at jdk.proxy4/jdk.proxy4.$Proxy127.execute(Unknown Source)
	at org.apache.ibatis.executor.statement.PreparedStatementHandler.query(PreparedStatementHandler.java:65)
	at org.apache.ibatis.executor.statement.RoutingStatementHandler.query(RoutingStatementHandler.java:80)
	at java.base/jdk.internal.reflect.NativeMethodAccessorImpl.invoke0(Native Method)
	at java.base/jdk.internal.reflect.NativeMethodAccessorImpl.invoke(NativeMethodAccessorImpl.java:77)
	at java.base/jdk.internal.reflect.DelegatingMethodAccessorImpl.invoke(DelegatingMethodAccessorImpl.java:43)
	at java.base/java.lang.reflect.Method.invoke(Method.java:569)
	at org.apache.ibatis.plugin.Plugin.invoke(Plugin.java:61)
	at jdk.proxy2/jdk.proxy2.$Proxy125.query(Unknown Source)
	at org.apache.ibatis.executor.SimpleExecutor.doQuery(SimpleExecutor.java:65)
	at org.apache.ibatis.executor.BaseExecutor.queryFromDatabase(BaseExecutor.java:336)
	at org.apache.ibatis.executor.BaseExecutor.query(BaseExecutor.java:158)
	at org.apache.ibatis.executor.CachingExecutor.query(CachingExecutor.java:110)
	at com.baomidou.mybatisplus.extension.plugins.MybatisPlusInterceptor.intercept(MybatisPlusInterceptor.java:81)
	at org.apache.ibatis.plugin.Plugin.invoke(Plugin.java:59)
	at jdk.proxy2/jdk.proxy2.$Proxy124.query(Unknown Source)
	at org.apache.ibatis.session.defaults.DefaultSqlSession.selectList(DefaultSqlSession.java:154)
	at org.apache.ibatis.session.defaults.DefaultSqlSession.selectList(DefaultSqlSession.java:147)
	at org.apache.ibatis.session.defaults.DefaultSqlSession.selectList(DefaultSqlSession.java:142)
	at java.base/jdk.internal.reflect.NativeMethodAccessorImpl.invoke0(Native Method)
	at java.base/jdk.internal.reflect.NativeMethodAccessorImpl.invoke(NativeMethodAccessorImpl.java:77)
	at java.base/jdk.internal.reflect.DelegatingMethodAccessorImpl.invoke(DelegatingMethodAccessorImpl.java:43)
	at java.base/java.lang.reflect.Method.invoke(Method.java:569)
	at org.mybatis.spring.SqlSessionTemplate$SqlSessionInterceptor.invoke(SqlSessionTemplate.java:425)
	at jdk.proxy2/jdk.proxy2.$Proxy102.selectList(Unknown Source)
	at org.mybatis.spring.SqlSessionTemplate.selectList(SqlSessionTemplate.java:224)
	at com.baomidou.mybatisplus.core.override.MybatisMapperMethod.executeForMany(MybatisMapperMethod.java:164)
	at com.baomidou.mybatisplus.core.override.MybatisMapperMethod.execute(MybatisMapperMethod.java:77)
	at com.baomidou.mybatisplus.core.override.MybatisMapperProxy$PlainMethodInvoker.invoke(MybatisMapperProxy.java:149)
	at com.baomidou.mybatisplus.core.override.MybatisMapperProxy.invoke(MybatisMapperProxy.java:90)
	at jdk.proxy3/jdk.proxy3.$Proxy107.selectList(Unknown Source)
	at com.baomidou.mybatisplus.core.mapper.BaseMapper.selectOne(BaseMapper.java:223)
	at java.base/java.lang.invoke.MethodHandle.invokeWithArguments(MethodHandle.java:732)
	at com.baomidou.mybatisplus.core.override.MybatisMapperProxy$DefaultMethodInvoker.invoke(MybatisMapperProxy.java:163)
	at com.baomidou.mybatisplus.core.override.MybatisMapperProxy.invoke(MybatisMapperProxy.java:90)
	at jdk.proxy3/jdk.proxy3.$Proxy107.selectOne(Unknown Source)
	at com.baomidou.mybatisplus.core.mapper.BaseMapper.selectOne(BaseMapper.java:212)
	at java.base/java.lang.invoke.MethodHandle.invokeWithArguments(MethodHandle.java:732)
	at com.baomidou.mybatisplus.core.override.MybatisMapperProxy$DefaultMethodInvoker.invoke(MybatisMapperProxy.java:163)
	at com.baomidou.mybatisplus.core.override.MybatisMapperProxy.invoke(MybatisMapperProxy.java:90)
	at jdk.proxy3/jdk.proxy3.$Proxy107.selectOne(Unknown Source)
	at com.student.system.service.impl.AuthServiceImpl.login(AuthServiceImpl.java:49)
	at com.student.system.controller.AuthController.login(AuthController.java:33)
	at java.base/jdk.internal.reflect.NativeMethodAccessorImpl.invoke0(Native Method)
	at java.base/jdk.internal.reflect.NativeMethodAccessorImpl.invoke(NativeMethodAccessorImpl.java:77)
	at java.base/jdk.internal.reflect.DelegatingMethodAccessorImpl.invoke(DelegatingMethodAccessorImpl.java:43)
	at java.base/java.lang.reflect.Method.invoke(Method.java:569)
	at org.springframework.web.method.support.InvocableHandlerMethod.doInvoke(InvocableHandlerMethod.java:205)
	at org.springframework.web.method.support.InvocableHandlerMethod.invokeForRequest(InvocableHandlerMethod.java:150)
	at org.springframework.web.servlet.mvc.method.annotation.ServletInvocableHandlerMethod.invokeAndHandle(ServletInvocableHandlerMethod.java:118)
	at org.springframework.web.servlet.mvc.method.annotation.RequestMappingHandlerAdapter.invokeHandlerMethod(RequestMappingHandlerAdapter.java:884)
	at org.springframework.web.servlet.mvc.method.annotation.RequestMappingHandlerAdapter.handleInternal(RequestMappingHandlerAdapter.java:797)
	at org.springframework.web.servlet.mvc.method.AbstractHandlerMethodAdapter.handle(AbstractHandlerMethodAdapter.java:87)
	at org.springframework.web.servlet.DispatcherServlet.doDispatch(DispatcherServlet.java:1081)
	at org.springframework.web.servlet.DispatcherServlet.doService(DispatcherServlet.java:974)
	at org.springframework.web.servlet.FrameworkServlet.processRequest(FrameworkServlet.java:1014)
	at org.springframework.web.servlet.FrameworkServlet.doPost(FrameworkServlet.java:914)
	at jakarta.servlet.http.HttpServlet.service(HttpServlet.java:590)
	at org.springframework.web.servlet.FrameworkServlet.service(FrameworkServlet.java:885)
	at jakarta.servlet.http.HttpServlet.service(HttpServlet.java:658)
	at org.apache.catalina.core.ApplicationFilterChain.internalDoFilter(ApplicationFilterChain.java:205)
	at org.apache.catalina.core.ApplicationFilterChain.doFilter(ApplicationFilterChain.java:149)
	at org.apache.tomcat.websocket.server.WsFilter.doFilter(WsFilter.java:51)
	at org.apache.catalina.core.ApplicationFilterChain.internalDoFilter(ApplicationFilterChain.java:174)
	at org.apache.catalina.core.ApplicationFilterChain.doFilter(ApplicationFilterChain.java:149)
	at org.springframework.web.filter.CorsFilter.doFilterInternal(CorsFilter.java:91)
	at org.springframework.web.filter.OncePerRequestFilter.doFilter(OncePerRequestFilter.java:116)
	at org.apache.catalina.core.ApplicationFilterChain.internalDoFilter(ApplicationFilterChain.java:174)
	at org.apache.catalina.core.ApplicationFilterChain.doFilter(ApplicationFilterChain.java:149)
	at org.springframework.web.filter.OncePerRequestFilter.doFilter(OncePerRequestFilter.java:110)
	at org.apache.catalina.core.ApplicationFilterChain.internalDoFilter(ApplicationFilterChain.java:174)
	at org.apache.catalina.core.ApplicationFilterChain.doFilter(ApplicationFilterChain.java:149)
	at org.springframework.security.web.FilterChainProxy.lambda$doFilterInternal$3(FilterChainProxy.java:231)
	at org.springframework.security.web.ObservationFilterChainDecorator$FilterObservation$SimpleFilterObservation.lambda$wrap$1(ObservationFilterChainDecorator.java:479)
	at org.springframework.security.web.ObservationFilterChainDecorator$AroundFilterObservation$SimpleAroundFilterObservation.lambda$wrap$1(ObservationFilterChainDecorator.java:340)
	at org.springframework.security.web.ObservationFilterChainDecorator.lambda$wrapSecured$0(ObservationFilterChainDecorator.java:82)
	at org.springframework.security.web.ObservationFilterChainDecorator$VirtualFilterChain.doFilter(ObservationFilterChainDecorator.java:128)
	at org.springframework.security.web.access.intercept.AuthorizationFilter.doFilter(AuthorizationFilter.java:100)
	at org.springframework.security.web.ObservationFilterChainDecorator$ObservationFilter.wrapFilter(ObservationFilterChainDecorator.java:240)
	at org.springframework.security.web.ObservationFilterChainDecorator$ObservationFilter.doFilter(ObservationFilterChainDecorator.java:227)
	at org.springframework.security.web.ObservationFilterChainDecorator$VirtualFilterChain.doFilter(ObservationFilterChainDecorator.java:137)
	at org.springframework.security.web.access.ExceptionTranslationFilter.doFilter(ExceptionTranslationFilter.java:126)
	at org.springframework.security.web.access.ExceptionTranslationFilter.doFilter(ExceptionTranslationFilter.java:120)
	at org.springframework.security.web.ObservationFilterChainDecorator$ObservationFilter.wrapFilter(ObservationFilterChainDecorator.java:240)
	at org.springframework.security.web.ObservationFilterChainDecorator$ObservationFilter.doFilter(ObservationFilterChainDecorator.java:227)
	at org.springframework.security.web.ObservationFilterChainDecorator$VirtualFilterChain.doFilter(ObservationFilterChainDecorator.java:137)
	at org.springframework.security.web.session.SessionManagementFilter.doFilter(SessionManagementFilter.java:131)
	at org.springframework.security.web.session.SessionManagementFilter.doFilter(SessionManagementFilter.java:85)
	at org.springframework.security.web.ObservationFilterChainDecorator$ObservationFilter.wrapFilter(ObservationFilterChainDecorator.java:240)
	at org.springframework.security.web.ObservationFilterChainDecorator$ObservationFilter.doFilter(ObservationFilterChainDecorator.java:227)
	at org.springframework.security.web.ObservationFilterChainDecorator$VirtualFilterChain.doFilter(ObservationFilterChainDecorator.java:137)
	at org.springframework.security.web.authentication.AnonymousAuthenticationFilter.doFilter(AnonymousAuthenticationFilter.java:100)
	at org.springframework.security.web.ObservationFilterChainDecorator$ObservationFilter.wrapFilter(ObservationFilterChainDecorator.java:240)
	at org.springframework.security.web.ObservationFilterChainDecorator$ObservationFilter.doFilter(ObservationFilterChainDecorator.java:227)
	at org.springframework.security.web.ObservationFilterChainDecorator$VirtualFilterChain.doFilter(ObservationFilterChainDecorator.java:137)
	at org.springframework.security.web.servletapi.SecurityContextHolderAwareRequestFilter.doFilter(SecurityContextHolderAwareRequestFilter.java:179)
	at org.springframework.security.web.ObservationFilterChainDecorator$ObservationFilter.wrapFilter(ObservationFilterChainDecorator.java:240)
	at org.springframework.security.web.ObservationFilterChainDecorator$ObservationFilter.doFilter(ObservationFilterChainDecorator.java:227)
	at org.springframework.security.web.ObservationFilterChainDecorator$VirtualFilterChain.doFilter(ObservationFilterChainDecorator.java:137)
	at org.springframework.security.web.savedrequest.RequestCacheAwareFilter.doFilter(RequestCacheAwareFilter.java:63)
	at org.springframework.security.web.ObservationFilterChainDecorator$ObservationFilter.wrapFilter(ObservationFilterChainDecorator.java:240)
	at org.springframework.security.web.ObservationFilterChainDecorator$ObservationFilter.doFilter(ObservationFilterChainDecorator.java:227)
	at org.springframework.security.web.ObservationFilterChainDecorator$VirtualFilterChain.doFilter(ObservationFilterChainDecorator.java:137)
	at com.student.system.security.JwtAuthenticationFilter.doFilterInternal(JwtAuthenticationFilter.java:97)
	at org.springframework.web.filter.OncePerRequestFilter.doFilter(OncePerRequestFilter.java:116)
	at org.springframework.security.web.ObservationFilterChainDecorator$ObservationFilter.wrapFilter(ObservationFilterChainDecorator.java:240)
	at org.springframework.security.web.ObservationFilterChainDecorator$ObservationFilter.doFilter(ObservationFilterChainDecorator.java:227)
	at org.springframework.security.web.ObservationFilterChainDecorator$VirtualFilterChain.doFilter(ObservationFilterChainDecorator.java:137)
	at org.springframework.security.web.authentication.logout.LogoutFilter.doFilter(LogoutFilter.java:107)
	at org.springframework.security.web.authentication.logout.LogoutFilter.doFilter(LogoutFilter.java:93)
	at org.springframework.security.web.ObservationFilterChainDecorator$ObservationFilter.wrapFilter(ObservationFilterChainDecorator.java:240)
	at org.springframework.security.web.ObservationFilterChainDecorator$ObservationFilter.doFilter(ObservationFilterChainDecorator.java:227)
	at org.springframework.security.web.ObservationFilterChainDecorator$VirtualFilterChain.doFilter(ObservationFilterChainDecorator.java:137)
	at org.springframework.security.web.header.HeaderWriterFilter.doHeadersAfter(HeaderWriterFilter.java:90)
	at org.springframework.security.web.header.HeaderWriterFilter.doFilterInternal(HeaderWriterFilter.java:75)
	at org.springframework.web.filter.OncePerRequestFilter.doFilter(OncePerRequestFilter.java:116)
	at org.springframework.security.web.ObservationFilterChainDecorator$ObservationFilter.wrapFilter(ObservationFilterChainDecorator.java:240)
	at org.springframework.security.web.ObservationFilterChainDecorator$ObservationFilter.doFilter(ObservationFilterChainDecorator.java:227)
	at org.springframework.security.web.ObservationFilterChainDecorator$VirtualFilterChain.doFilter(ObservationFilterChainDecorator.java:137)
	at org.springframework.security.web.context.SecurityContextHolderFilter.doFilter(SecurityContextHolderFilter.java:82)
	at org.springframework.security.web.context.SecurityContextHolderFilter.doFilter(SecurityContextHolderFilter.java:69)
	at org.springframework.security.web.ObservationFilterChainDecorator$ObservationFilter.wrapFilter(ObservationFilterChainDecorator.java:240)
	at org.springframework.security.web.ObservationFilterChainDecorator$ObservationFilter.doFilter(ObservationFilterChainDecorator.java:227)
	at org.springframework.security.web.ObservationFilterChainDecorator$VirtualFilterChain.doFilter(ObservationFilterChainDecorator.java:137)
	at org.springframework.security.web.context.request.async.WebAsyncManagerIntegrationFilter.doFilterInternal(WebAsyncManagerIntegrationFilter.java:62)
	at org.springframework.web.filter.OncePerRequestFilter.doFilter(OncePerRequestFilter.java:116)
	at org.springframework.security.web.ObservationFilterChainDecorator$ObservationFilter.wrapFilter(ObservationFilterChainDecorator.java:240)
	at org.springframework.security.web.ObservationFilterChainDecorator$ObservationFilter.doFilter(ObservationFilterChainDecorator.java:227)
	at org.springframework.security.web.ObservationFilterChainDecorator$VirtualFilterChain.doFilter(ObservationFilterChainDecorator.java:137)
	at org.springframework.security.web.session.DisableEncodeUrlFilter.doFilterInternal(DisableEncodeUrlFilter.java:42)
	at org.springframework.web.filter.OncePerRequestFilter.doFilter(OncePerRequestFilter.java:116)
	at org.springframework.security.web.ObservationFilterChainDecorator$ObservationFilter.wrapFilter(ObservationFilterChainDecorator.java:240)
	at org.springframework.security.web.ObservationFilterChainDecorator$AroundFilterObservation$SimpleAroundFilterObservation.lambda$wrap$0(ObservationFilterChainDecorator.java:323)
	at org.springframework.security.web.ObservationFilterChainDecorator$ObservationFilter.doFilter(ObservationFilterChainDecorator.java:224)
	at org.springframework.security.web.ObservationFilterChainDecorator$VirtualFilterChain.doFilter(ObservationFilterChainDecorator.java:137)
	at org.springframework.security.web.FilterChainProxy.doFilterInternal(FilterChainProxy.java:233)
	at org.springframework.security.web.FilterChainProxy.doFilter(FilterChainProxy.java:191)
	at org.springframework.web.filter.DelegatingFilterProxy.invokeDelegate(DelegatingFilterProxy.java:352)
	at org.springframework.web.filter.DelegatingFilterProxy.doFilter(DelegatingFilterProxy.java:268)
	at org.apache.catalina.core.ApplicationFilterChain.internalDoFilter(ApplicationFilterChain.java:174)
	at org.apache.catalina.core.ApplicationFilterChain.doFilter(ApplicationFilterChain.java:149)
	at org.springframework.web.filter.RequestContextFilter.doFilterInternal(RequestContextFilter.java:100)
	at org.springframework.web.filter.OncePerRequestFilter.doFilter(OncePerRequestFilter.java:116)
	at org.apache.catalina.core.ApplicationFilterChain.internalDoFilter(ApplicationFilterChain.java:174)
	at org.apache.catalina.core.ApplicationFilterChain.doFilter(ApplicationFilterChain.java:149)
	at org.springframework.web.filter.FormContentFilter.doFilterInternal(FormContentFilter.java:93)
	at org.springframework.web.filter.OncePerRequestFilter.doFilter(OncePerRequestFilter.java:116)
	at org.apache.catalina.core.ApplicationFilterChain.internalDoFilter(ApplicationFilterChain.java:174)
	at org.apache.catalina.core.ApplicationFilterChain.doFilter(ApplicationFilterChain.java:149)
	at org.springframework.web.filter.ServerHttpObservationFilter.doFilterInternal(ServerHttpObservationFilter.java:109)
	at org.springframework.web.filter.OncePerRequestFilter.doFilter(OncePerRequestFilter.java:116)
	at org.apache.catalina.core.ApplicationFilterChain.internalDoFilter(ApplicationFilterChain.java:174)
	at org.apache.catalina.core.ApplicationFilterChain.doFilter(ApplicationFilterChain.java:149)
	at org.springframework.web.filter.CharacterEncodingFilter.doFilterInternal(CharacterEncodingFilter.java:201)
	at org.springframework.web.filter.OncePerRequestFilter.doFilter(OncePerRequestFilter.java:116)
	at org.apache.catalina.core.ApplicationFilterChain.internalDoFilter(ApplicationFilterChain.java:174)
	at org.apache.catalina.core.ApplicationFilterChain.doFilter(ApplicationFilterChain.java:149)
	at org.apache.catalina.core.StandardWrapperValve.invoke(StandardWrapperValve.java:167)
	at org.apache.catalina.core.StandardContextValve.invoke(StandardContextValve.java:90)
	at org.apache.catalina.authenticator.AuthenticatorBase.invoke(AuthenticatorBase.java:482)
	at org.apache.catalina.core.StandardHostValve.invoke(StandardHostValve.java:115)
	at org.apache.catalina.valves.ErrorReportValve.invoke(ErrorReportValve.java:93)
	at org.apache.catalina.core.StandardEngineValve.invoke(StandardEngineValve.java:74)
	at org.apache.catalina.connector.CoyoteAdapter.service(CoyoteAdapter.java:340)
	at org.apache.coyote.http11.Http11Processor.service(Http11Processor.java:391)
	at org.apache.coyote.AbstractProcessorLight.process(AbstractProcessorLight.java:63)
	at org.apache.coyote.AbstractProtocol$ConnectionHandler.process(AbstractProtocol.java:896)
	at org.apache.tomcat.util.net.NioEndpoint$SocketProcessor.doRun(NioEndpoint.java:1744)
	at org.apache.tomcat.util.net.SocketProcessorBase.run(SocketProcessorBase.java:52)
	at org.apache.tomcat.util.threads.ThreadPoolExecutor.runWorker(ThreadPoolExecutor.java:1191)
	at org.apache.tomcat.util.threads.ThreadPoolExecutor$Worker.run(ThreadPoolExecutor.java:659)
	at org.apache.tomcat.util.threads.TaskThread$WrappingRunnable.run(TaskThread.java:61)
	at java.base/java.lang.Thread.run(Thread.java:840)
2026-01-21 16:55:55.199 [http-nio-8088-exec-5] INFO  com.student.system.controller.AuthController - 用户登录请求: admin
2026-01-21 16:55:55.211 [http-nio-8088-exec-5] DEBUG c.student.system.mapper.SysUserMapper.selectList - ==>  Preparing: SELECT id,username,password,nickname,email,phone,avatar,status,deleted,create_time,update_time FROM sys_user WHERE deleted=0 AND (username = ?)
2026-01-21 16:55:55.212 [http-nio-8088-exec-5] DEBUG c.student.system.mapper.SysUserMapper.selectList - ==> Parameters: admin(String)
2026-01-21 16:55:55.215 [http-nio-8088-exec-5] ERROR o.a.c.c.C.[.[localhost].[/api].[dispatcherServlet] - Servlet.service() for servlet [dispatcherServlet] in context with path [/api] threw exception [Request processing failed: org.springframework.jdbc.BadSqlGrammarException: 
### Error querying database.  Cause: java.sql.SQLSyntaxErrorException: Unknown column 'deleted' in 'field list'
### The error may exist in com/student/system/mapper/SysUserMapper.java (best guess)
### The error may involve defaultParameterMap
### The error occurred while setting parameters
### SQL: SELECT  id,username,password,nickname,email,phone,avatar,status,deleted,create_time,update_time  FROM sys_user  WHERE deleted=0     AND (username = ?)
### Cause: java.sql.SQLSyntaxErrorException: Unknown column 'deleted' in 'field list'
; bad SQL grammar []] with root cause
java.sql.SQLSyntaxErrorException: Unknown column 'deleted' in 'field list'
	at com.mysql.cj.jdbc.exceptions.SQLError.createSQLException(SQLError.java:121)
	at com.mysql.cj.jdbc.exceptions.SQLExceptionsMapping.translateException(SQLExceptionsMapping.java:122)
	at com.mysql.cj.jdbc.ClientPreparedStatement.executeInternal(ClientPreparedStatement.java:916)
	at com.mysql.cj.jdbc.ClientPreparedStatement.execute(ClientPreparedStatement.java:354)
	at com.zaxxer.hikari.pool.ProxyPreparedStatement.execute(ProxyPreparedStatement.java:44)
	at com.zaxxer.hikari.pool.HikariProxyPreparedStatement.execute(HikariProxyPreparedStatement.java)
	at java.base/jdk.internal.reflect.NativeMethodAccessorImpl.invoke0(Native Method)
	at java.base/jdk.internal.reflect.NativeMethodAccessorImpl.invoke(NativeMethodAccessorImpl.java:77)
	at java.base/jdk.internal.reflect.DelegatingMethodAccessorImpl.invoke(DelegatingMethodAccessorImpl.java:43)
	at java.base/java.lang.reflect.Method.invoke(Method.java:569)
	at org.apache.ibatis.logging.jdbc.PreparedStatementLogger.invoke(PreparedStatementLogger.java:58)
	at jdk.proxy4/jdk.proxy4.$Proxy127.execute(Unknown Source)
	at org.apache.ibatis.executor.statement.PreparedStatementHandler.query(PreparedStatementHandler.java:65)
	at org.apache.ibatis.executor.statement.RoutingStatementHandler.query(RoutingStatementHandler.java:80)
	at java.base/jdk.internal.reflect.NativeMethodAccessorImpl.invoke0(Native Method)
	at java.base/jdk.internal.reflect.NativeMethodAccessorImpl.invoke(NativeMethodAccessorImpl.java:77)
	at java.base/jdk.internal.reflect.DelegatingMethodAccessorImpl.invoke(DelegatingMethodAccessorImpl.java:43)
	at java.base/java.lang.reflect.Method.invoke(Method.java:569)
	at org.apache.ibatis.plugin.Plugin.invoke(Plugin.java:61)
	at jdk.proxy2/jdk.proxy2.$Proxy125.query(Unknown Source)
	at org.apache.ibatis.executor.SimpleExecutor.doQuery(SimpleExecutor.java:65)
	at org.apache.ibatis.executor.BaseExecutor.queryFromDatabase(BaseExecutor.java:336)
	at org.apache.ibatis.executor.BaseExecutor.query(BaseExecutor.java:158)
	at org.apache.ibatis.executor.CachingExecutor.query(CachingExecutor.java:110)
	at com.baomidou.mybatisplus.extension.plugins.MybatisPlusInterceptor.intercept(MybatisPlusInterceptor.java:81)
	at org.apache.ibatis.plugin.Plugin.invoke(Plugin.java:59)
	at jdk.proxy2/jdk.proxy2.$Proxy124.query(Unknown Source)
	at org.apache.ibatis.session.defaults.DefaultSqlSession.selectList(DefaultSqlSession.java:154)
	at org.apache.ibatis.session.defaults.DefaultSqlSession.selectList(DefaultSqlSession.java:147)
	at org.apache.ibatis.session.defaults.DefaultSqlSession.selectList(DefaultSqlSession.java:142)
	at java.base/jdk.internal.reflect.NativeMethodAccessorImpl.invoke0(Native Method)
	at java.base/jdk.internal.reflect.NativeMethodAccessorImpl.invoke(NativeMethodAccessorImpl.java:77)
	at java.base/jdk.internal.reflect.DelegatingMethodAccessorImpl.invoke(DelegatingMethodAccessorImpl.java:43)
	at java.base/java.lang.reflect.Method.invoke(Method.java:569)
	at org.mybatis.spring.SqlSessionTemplate$SqlSessionInterceptor.invoke(SqlSessionTemplate.java:425)
	at jdk.proxy2/jdk.proxy2.$Proxy102.selectList(Unknown Source)
	at org.mybatis.spring.SqlSessionTemplate.selectList(SqlSessionTemplate.java:224)
	at com.baomidou.mybatisplus.core.override.MybatisMapperMethod.executeForMany(MybatisMapperMethod.java:164)
	at com.baomidou.mybatisplus.core.override.MybatisMapperMethod.execute(MybatisMapperMethod.java:77)
	at com.baomidou.mybatisplus.core.override.MybatisMapperProxy$PlainMethodInvoker.invoke(MybatisMapperProxy.java:149)
	at com.baomidou.mybatisplus.core.override.MybatisMapperProxy.invoke(MybatisMapperProxy.java:90)
	at jdk.proxy3/jdk.proxy3.$Proxy107.selectList(Unknown Source)
	at com.baomidou.mybatisplus.core.mapper.BaseMapper.selectOne(BaseMapper.java:223)
	at java.base/java.lang.invoke.MethodHandle.invokeWithArguments(MethodHandle.java:732)
	at com.baomidou.mybatisplus.core.override.MybatisMapperProxy$DefaultMethodInvoker.invoke(MybatisMapperProxy.java:163)
	at com.baomidou.mybatisplus.core.override.MybatisMapperProxy.invoke(MybatisMapperProxy.java:90)
	at jdk.proxy3/jdk.proxy3.$Proxy107.selectOne(Unknown Source)
	at com.baomidou.mybatisplus.core.mapper.BaseMapper.selectOne(BaseMapper.java:212)
	at java.base/java.lang.invoke.MethodHandle.invokeWithArguments(MethodHandle.java:732)
	at com.baomidou.mybatisplus.core.override.MybatisMapperProxy$DefaultMethodInvoker.invoke(MybatisMapperProxy.java:163)
	at com.baomidou.mybatisplus.core.override.MybatisMapperProxy.invoke(MybatisMapperProxy.java:90)
	at jdk.proxy3/jdk.proxy3.$Proxy107.selectOne(Unknown Source)
	at com.student.system.service.impl.AuthServiceImpl.login(AuthServiceImpl.java:49)
	at com.student.system.controller.AuthController.login(AuthController.java:33)
	at java.base/jdk.internal.reflect.NativeMethodAccessorImpl.invoke0(Native Method)
	at java.base/jdk.internal.reflect.NativeMethodAccessorImpl.invoke(NativeMethodAccessorImpl.java:77)
	at java.base/jdk.internal.reflect.DelegatingMethodAccessorImpl.invoke(DelegatingMethodAccessorImpl.java:43)
	at java.base/java.lang.reflect.Method.invoke(Method.java:569)
	at org.springframework.web.method.support.InvocableHandlerMethod.doInvoke(InvocableHandlerMethod.java:205)
	at org.springframework.web.method.support.InvocableHandlerMethod.invokeForRequest(InvocableHandlerMethod.java:150)
	at org.springframework.web.servlet.mvc.method.annotation.ServletInvocableHandlerMethod.invokeAndHandle(ServletInvocableHandlerMethod.java:118)
	at org.springframework.web.servlet.mvc.method.annotation.RequestMappingHandlerAdapter.invokeHandlerMethod(RequestMappingHandlerAdapter.java:884)
	at org.springframework.web.servlet.mvc.method.annotation.RequestMappingHandlerAdapter.handleInternal(RequestMappingHandlerAdapter.java:797)
	at org.springframework.web.servlet.mvc.method.AbstractHandlerMethodAdapter.handle(AbstractHandlerMethodAdapter.java:87)
	at org.springframework.web.servlet.DispatcherServlet.doDispatch(DispatcherServlet.java:1081)
	at org.springframework.web.servlet.DispatcherServlet.doService(DispatcherServlet.java:974)
	at org.springframework.web.servlet.FrameworkServlet.processRequest(FrameworkServlet.java:1014)
	at org.springframework.web.servlet.FrameworkServlet.doPost(FrameworkServlet.java:914)
	at jakarta.servlet.http.HttpServlet.service(HttpServlet.java:590)
	at org.springframework.web.servlet.FrameworkServlet.service(FrameworkServlet.java:885)
	at jakarta.servlet.http.HttpServlet.service(HttpServlet.java:658)
	at org.apache.catalina.core.ApplicationFilterChain.internalDoFilter(ApplicationFilterChain.java:205)
	at org.apache.catalina.core.ApplicationFilterChain.doFilter(ApplicationFilterChain.java:149)
	at org.apache.tomcat.websocket.server.WsFilter.doFilter(WsFilter.java:51)
	at org.apache.catalina.core.ApplicationFilterChain.internalDoFilter(ApplicationFilterChain.java:174)
	at org.apache.catalina.core.ApplicationFilterChain.doFilter(ApplicationFilterChain.java:149)
	at org.springframework.web.filter.CorsFilter.doFilterInternal(CorsFilter.java:91)
	at org.springframework.web.filter.OncePerRequestFilter.doFilter(OncePerRequestFilter.java:116)
	at org.apache.catalina.core.ApplicationFilterChain.internalDoFilter(ApplicationFilterChain.java:174)
	at org.apache.catalina.core.ApplicationFilterChain.doFilter(ApplicationFilterChain.java:149)
	at org.springframework.web.filter.OncePerRequestFilter.doFilter(OncePerRequestFilter.java:110)
	at org.apache.catalina.core.ApplicationFilterChain.internalDoFilter(ApplicationFilterChain.java:174)
	at org.apache.catalina.core.ApplicationFilterChain.doFilter(ApplicationFilterChain.java:149)
	at org.springframework.security.web.FilterChainProxy.lambda$doFilterInternal$3(FilterChainProxy.java:231)
	at org.springframework.security.web.ObservationFilterChainDecorator$FilterObservation$SimpleFilterObservation.lambda$wrap$1(ObservationFilterChainDecorator.java:479)
	at org.springframework.security.web.ObservationFilterChainDecorator$AroundFilterObservation$SimpleAroundFilterObservation.lambda$wrap$1(ObservationFilterChainDecorator.java:340)
	at org.springframework.security.web.ObservationFilterChainDecorator.lambda$wrapSecured$0(ObservationFilterChainDecorator.java:82)
	at org.springframework.security.web.ObservationFilterChainDecorator$VirtualFilterChain.doFilter(ObservationFilterChainDecorator.java:128)
	at org.springframework.security.web.access.intercept.AuthorizationFilter.doFilter(AuthorizationFilter.java:100)
	at org.springframework.security.web.ObservationFilterChainDecorator$ObservationFilter.wrapFilter(ObservationFilterChainDecorator.java:240)
	at org.springframework.security.web.ObservationFilterChainDecorator$ObservationFilter.doFilter(ObservationFilterChainDecorator.java:227)
	at org.springframework.security.web.ObservationFilterChainDecorator$VirtualFilterChain.doFilter(ObservationFilterChainDecorator.java:137)
	at org.springframework.security.web.access.ExceptionTranslationFilter.doFilter(ExceptionTranslationFilter.java:126)
	at org.springframework.security.web.access.ExceptionTranslationFilter.doFilter(ExceptionTranslationFilter.java:120)
	at org.springframework.security.web.ObservationFilterChainDecorator$ObservationFilter.wrapFilter(ObservationFilterChainDecorator.java:240)
	at org.springframework.security.web.ObservationFilterChainDecorator$ObservationFilter.doFilter(ObservationFilterChainDecorator.java:227)
	at org.springframework.security.web.ObservationFilterChainDecorator$VirtualFilterChain.doFilter(ObservationFilterChainDecorator.java:137)
	at org.springframework.security.web.session.SessionManagementFilter.doFilter(SessionManagementFilter.java:131)
	at org.springframework.security.web.session.SessionManagementFilter.doFilter(SessionManagementFilter.java:85)
	at org.springframework.security.web.ObservationFilterChainDecorator$ObservationFilter.wrapFilter(ObservationFilterChainDecorator.java:240)
	at org.springframework.security.web.ObservationFilterChainDecorator$ObservationFilter.doFilter(ObservationFilterChainDecorator.java:227)
	at org.springframework.security.web.ObservationFilterChainDecorator$VirtualFilterChain.doFilter(ObservationFilterChainDecorator.java:137)
	at org.springframework.security.web.authentication.AnonymousAuthenticationFilter.doFilter(AnonymousAuthenticationFilter.java:100)
	at org.springframework.security.web.ObservationFilterChainDecorator$ObservationFilter.wrapFilter(ObservationFilterChainDecorator.java:240)
	at org.springframework.security.web.ObservationFilterChainDecorator$ObservationFilter.doFilter(ObservationFilterChainDecorator.java:227)
	at org.springframework.security.web.ObservationFilterChainDecorator$VirtualFilterChain.doFilter(ObservationFilterChainDecorator.java:137)
	at org.springframework.security.web.servletapi.SecurityContextHolderAwareRequestFilter.doFilter(SecurityContextHolderAwareRequestFilter.java:179)
	at org.springframework.security.web.ObservationFilterChainDecorator$ObservationFilter.wrapFilter(ObservationFilterChainDecorator.java:240)
	at org.springframework.security.web.ObservationFilterChainDecorator$ObservationFilter.doFilter(ObservationFilterChainDecorator.java:227)
	at org.springframework.security.web.ObservationFilterChainDecorator$VirtualFilterChain.doFilter(ObservationFilterChainDecorator.java:137)
	at org.springframework.security.web.savedrequest.RequestCacheAwareFilter.doFilter(RequestCacheAwareFilter.java:63)
	at org.springframework.security.web.ObservationFilterChainDecorator$ObservationFilter.wrapFilter(ObservationFilterChainDecorator.java:240)
	at org.springframework.security.web.ObservationFilterChainDecorator$ObservationFilter.doFilter(ObservationFilterChainDecorator.java:227)
	at org.springframework.security.web.ObservationFilterChainDecorator$VirtualFilterChain.doFilter(ObservationFilterChainDecorator.java:137)
	at com.student.system.security.JwtAuthenticationFilter.doFilterInternal(JwtAuthenticationFilter.java:97)
	at org.springframework.web.filter.OncePerRequestFilter.doFilter(OncePerRequestFilter.java:116)
	at org.springframework.security.web.ObservationFilterChainDecorator$ObservationFilter.wrapFilter(ObservationFilterChainDecorator.java:240)
	at org.springframework.security.web.ObservationFilterChainDecorator$ObservationFilter.doFilter(ObservationFilterChainDecorator.java:227)
	at org.springframework.security.web.ObservationFilterChainDecorator$VirtualFilterChain.doFilter(ObservationFilterChainDecorator.java:137)
	at org.springframework.security.web.authentication.logout.LogoutFilter.doFilter(LogoutFilter.java:107)
	at org.springframework.security.web.authentication.logout.LogoutFilter.doFilter(LogoutFilter.java:93)
	at org.springframework.security.web.ObservationFilterChainDecorator$ObservationFilter.wrapFilter(ObservationFilterChainDecorator.java:240)
	at org.springframework.security.web.ObservationFilterChainDecorator$ObservationFilter.doFilter(ObservationFilterChainDecorator.java:227)
	at org.springframework.security.web.ObservationFilterChainDecorator$VirtualFilterChain.doFilter(ObservationFilterChainDecorator.java:137)
	at org.springframework.security.web.header.HeaderWriterFilter.doHeadersAfter(HeaderWriterFilter.java:90)
	at org.springframework.security.web.header.HeaderWriterFilter.doFilterInternal(HeaderWriterFilter.java:75)
	at org.springframework.web.filter.OncePerRequestFilter.doFilter(OncePerRequestFilter.java:116)
	at org.springframework.security.web.ObservationFilterChainDecorator$ObservationFilter.wrapFilter(ObservationFilterChainDecorator.java:240)
	at org.springframework.security.web.ObservationFilterChainDecorator$ObservationFilter.doFilter(ObservationFilterChainDecorator.java:227)
	at org.springframework.security.web.ObservationFilterChainDecorator$VirtualFilterChain.doFilter(ObservationFilterChainDecorator.java:137)
	at org.springframework.security.web.context.SecurityContextHolderFilter.doFilter(SecurityContextHolderFilter.java:82)
	at org.springframework.security.web.context.SecurityContextHolderFilter.doFilter(SecurityContextHolderFilter.java:69)
	at org.springframework.security.web.ObservationFilterChainDecorator$ObservationFilter.wrapFilter(ObservationFilterChainDecorator.java:240)
	at org.springframework.security.web.ObservationFilterChainDecorator$ObservationFilter.doFilter(ObservationFilterChainDecorator.java:227)
	at org.springframework.security.web.ObservationFilterChainDecorator$VirtualFilterChain.doFilter(ObservationFilterChainDecorator.java:137)
	at org.springframework.security.web.context.request.async.WebAsyncManagerIntegrationFilter.doFilterInternal(WebAsyncManagerIntegrationFilter.java:62)
	at org.springframework.web.filter.OncePerRequestFilter.doFilter(OncePerRequestFilter.java:116)
	at org.springframework.security.web.ObservationFilterChainDecorator$ObservationFilter.wrapFilter(ObservationFilterChainDecorator.java:240)
	at org.springframework.security.web.ObservationFilterChainDecorator$ObservationFilter.doFilter(ObservationFilterChainDecorator.java:227)
	at org.springframework.security.web.ObservationFilterChainDecorator$VirtualFilterChain.doFilter(ObservationFilterChainDecorator.java:137)
	at org.springframework.security.web.session.DisableEncodeUrlFilter.doFilterInternal(DisableEncodeUrlFilter.java:42)
	at org.springframework.web.filter.OncePerRequestFilter.doFilter(OncePerRequestFilter.java:116)
	at org.springframework.security.web.ObservationFilterChainDecorator$ObservationFilter.wrapFilter(ObservationFilterChainDecorator.java:240)
	at org.springframework.security.web.ObservationFilterChainDecorator$AroundFilterObservation$SimpleAroundFilterObservation.lambda$wrap$0(ObservationFilterChainDecorator.java:323)
	at org.springframework.security.web.ObservationFilterChainDecorator$ObservationFilter.doFilter(ObservationFilterChainDecorator.java:224)
	at org.springframework.security.web.ObservationFilterChainDecorator$VirtualFilterChain.doFilter(ObservationFilterChainDecorator.java:137)
	at org.springframework.security.web.FilterChainProxy.doFilterInternal(FilterChainProxy.java:233)
	at org.springframework.security.web.FilterChainProxy.doFilter(FilterChainProxy.java:191)
	at org.springframework.web.filter.DelegatingFilterProxy.invokeDelegate(DelegatingFilterProxy.java:352)
	at org.springframework.web.filter.DelegatingFilterProxy.doFilter(DelegatingFilterProxy.java:268)
	at org.apache.catalina.core.ApplicationFilterChain.internalDoFilter(ApplicationFilterChain.java:174)
	at org.apache.catalina.core.ApplicationFilterChain.doFilter(ApplicationFilterChain.java:149)
	at org.springframework.web.filter.RequestContextFilter.doFilterInternal(RequestContextFilter.java:100)
	at org.springframework.web.filter.OncePerRequestFilter.doFilter(OncePerRequestFilter.java:116)
	at org.apache.catalina.core.ApplicationFilterChain.internalDoFilter(ApplicationFilterChain.java:174)
	at org.apache.catalina.core.ApplicationFilterChain.doFilter(ApplicationFilterChain.java:149)
	at org.springframework.web.filter.FormContentFilter.doFilterInternal(FormContentFilter.java:93)
	at org.springframework.web.filter.OncePerRequestFilter.doFilter(OncePerRequestFilter.java:116)
	at org.apache.catalina.core.ApplicationFilterChain.internalDoFilter(ApplicationFilterChain.java:174)
	at org.apache.catalina.core.ApplicationFilterChain.doFilter(ApplicationFilterChain.java:149)
	at org.springframework.web.filter.ServerHttpObservationFilter.doFilterInternal(ServerHttpObservationFilter.java:109)
	at org.springframework.web.filter.OncePerRequestFilter.doFilter(OncePerRequestFilter.java:116)
	at org.apache.catalina.core.ApplicationFilterChain.internalDoFilter(ApplicationFilterChain.java:174)
	at org.apache.catalina.core.ApplicationFilterChain.doFilter(ApplicationFilterChain.java:149)
	at org.springframework.web.filter.CharacterEncodingFilter.doFilterInternal(CharacterEncodingFilter.java:201)
	at org.springframework.web.filter.OncePerRequestFilter.doFilter(OncePerRequestFilter.java:116)
	at org.apache.catalina.core.ApplicationFilterChain.internalDoFilter(ApplicationFilterChain.java:174)
	at org.apache.catalina.core.ApplicationFilterChain.doFilter(ApplicationFilterChain.java:149)
	at org.apache.catalina.core.StandardWrapperValve.invoke(StandardWrapperValve.java:167)
	at org.apache.catalina.core.StandardContextValve.invoke(StandardContextValve.java:90)
	at org.apache.catalina.authenticator.AuthenticatorBase.invoke(AuthenticatorBase.java:482)
	at org.apache.catalina.core.StandardHostValve.invoke(StandardHostValve.java:115)
	at org.apache.catalina.valves.ErrorReportValve.invoke(ErrorReportValve.java:93)
	at org.apache.catalina.core.StandardEngineValve.invoke(StandardEngineValve.java:74)
	at org.apache.catalina.connector.CoyoteAdapter.service(CoyoteAdapter.java:340)
	at org.apache.coyote.http11.Http11Processor.service(Http11Processor.java:391)
	at org.apache.coyote.AbstractProcessorLight.process(AbstractProcessorLight.java:63)
	at org.apache.coyote.AbstractProtocol$ConnectionHandler.process(AbstractProtocol.java:896)
	at org.apache.tomcat.util.net.NioEndpoint$SocketProcessor.doRun(NioEndpoint.java:1744)
	at org.apache.tomcat.util.net.SocketProcessorBase.run(SocketProcessorBase.java:52)
	at org.apache.tomcat.util.threads.ThreadPoolExecutor.runWorker(ThreadPoolExecutor.java:1191)
	at org.apache.tomcat.util.threads.ThreadPoolExecutor$Worker.run(ThreadPoolExecutor.java:659)
	at org.apache.tomcat.util.threads.TaskThread$WrappingRunnable.run(TaskThread.java:61)
	at java.base/java.lang.Thread.run(Thread.java:840)
2026-01-21 16:56:30.553 [File Watcher] INFO  o.s.b.d.a.LocalDevToolsAutoConfiguration$RestartingClassPathChangeChangedEventListener - Restarting due to 1 class path change (0 additions, 0 deletions, 1 modification)
2026-01-21 16:56:31.366 [Thread-5] INFO  org.apache.catalina.core.StandardService - Stopping service [Tomcat]
2026-01-21 16:56:31.369 [Thread-5] INFO  o.a.c.c.ContainerBase.[Tomcat].[localhost].[/api] - Destroying Spring FrameworkServlet 'dispatcherServlet'
2026-01-21 16:56:31.374 [Thread-5] WARN  org.apache.catalina.loader.WebappClassLoaderBase - The web application [api] appears to have started a thread named [lettuce-timer-3-1] but has failed to stop it. This is very likely to create a memory leak. Stack trace of thread:
 java.base@17.0.17/java.lang.Thread.sleep(Native Method)
 app//io.netty.util.HashedWheelTimer$Worker.waitForNextTick(HashedWheelTimer.java:600)
 app//io.netty.util.HashedWheelTimer$Worker.run(HashedWheelTimer.java:496)
 app//io.netty.util.concurrent.FastThreadLocalRunnable.run(FastThreadLocalRunnable.java:30)
 java.base@17.0.17/java.lang.Thread.run(Thread.java:840)
2026-01-21 16:56:31.375 [Thread-5] WARN  org.apache.catalina.loader.WebappClassLoaderBase - The web application [api] appears to have started a thread named [StudentSystemHikariCP housekeeper] but has failed to stop it. This is very likely to create a memory leak. Stack trace of thread:
 java.base@17.0.17/jdk.internal.misc.Unsafe.park(Native Method)
 java.base@17.0.17/java.util.concurrent.locks.LockSupport.parkNanos(LockSupport.java:252)
 java.base@17.0.17/java.util.concurrent.locks.AbstractQueuedSynchronizer$ConditionObject.awaitNanos(AbstractQueuedSynchronizer.java:1679)
 java.base@17.0.17/java.util.concurrent.ScheduledThreadPoolExecutor$DelayedWorkQueue.take(ScheduledThreadPoolExecutor.java:1182)
 java.base@17.0.17/java.util.concurrent.ScheduledThreadPoolExecutor$DelayedWorkQueue.take(ScheduledThreadPoolExecutor.java:899)
 java.base@17.0.17/java.util.concurrent.ThreadPoolExecutor.getTask(ThreadPoolExecutor.java:1062)
 java.base@17.0.17/java.util.concurrent.ThreadPoolExecutor.runWorker(ThreadPoolExecutor.java:1122)
 java.base@17.0.17/java.util.concurrent.ThreadPoolExecutor$Worker.run(ThreadPoolExecutor.java:635)
 java.base@17.0.17/java.lang.Thread.run(Thread.java:840)
2026-01-21 16:56:31.389 [Thread-5] INFO  com.zaxxer.hikari.HikariDataSource - StudentSystemHikariCP - Shutdown initiated...
2026-01-21 16:56:31.396 [Thread-5] INFO  com.zaxxer.hikari.HikariDataSource - StudentSystemHikariCP - Shutdown completed.
2026-01-21 16:56:31.484 [restartedMain] INFO  com.student.system.StudentSystemApplication - Starting StudentSystemApplication using Java 17.0.17 with PID 63987 (/Users/jay/Desktop/project/backend/target/classes started by jay in /Users/jay/Desktop/project/backend)
2026-01-21 16:56:31.484 [restartedMain] DEBUG com.student.system.StudentSystemApplication - Running with Spring Boot v3.1.6, Spring v6.0.14
2026-01-21 16:56:31.484 [restartedMain] INFO  com.student.system.StudentSystemApplication - No active profile set, falling back to 1 default profile: "default"
2026-01-21 16:56:31.638 [restartedMain] INFO  o.s.d.r.config.RepositoryConfigurationDelegate - Multiple Spring Data modules found, entering strict repository configuration mode
2026-01-21 16:56:31.638 [restartedMain] INFO  o.s.d.r.config.RepositoryConfigurationDelegate - Bootstrapping Spring Data Redis repositories in DEFAULT mode.
2026-01-21 16:56:31.642 [restartedMain] INFO  o.s.d.r.config.RepositoryConfigurationDelegate - Finished Spring Data repository scanning in 3 ms. Found 0 Redis repository interfaces.
2026-01-21 16:56:31.812 [restartedMain] INFO  o.s.boot.web.embedded.tomcat.TomcatWebServer - Tomcat initialized with port(s): 8088 (http)
2026-01-21 16:56:31.813 [restartedMain] INFO  org.apache.catalina.core.StandardService - Starting service [Tomcat]
2026-01-21 16:56:31.813 [restartedMain] INFO  org.apache.catalina.core.StandardEngine - Starting Servlet engine: [Apache Tomcat/10.1.16]
2026-01-21 16:56:31.821 [restartedMain] INFO  o.a.c.c.ContainerBase.[Tomcat].[localhost].[/api] - Initializing Spring embedded WebApplicationContext
2026-01-21 16:56:31.821 [restartedMain] INFO  o.s.b.w.s.c.ServletWebServerApplicationContext - Root WebApplicationContext: initialization completed in 336 ms
2026-01-21 16:56:31.931 [restartedMain] DEBUG c.student.system.security.JwtAuthenticationFilter - Filter 'jwtAuthenticationFilter' configured for use
2026-01-21 16:56:32.104 [restartedMain] INFO  o.s.b.actuate.endpoint.web.EndpointLinksResolver - Exposing 4 endpoint(s) beneath base path '/actuator'
2026-01-21 16:56:32.154 [restartedMain] INFO  o.s.security.web.DefaultSecurityFilterChain - Will secure any request with [org.springframework.security.web.session.DisableEncodeUrlFilter@32460fd7, org.springframework.security.web.context.request.async.WebAsyncManagerIntegrationFilter@4c30308, org.springframework.security.web.context.SecurityContextHolderFilter@5ad5da45, org.springframework.security.web.header.HeaderWriterFilter@c1af56b, org.springframework.security.web.authentication.logout.LogoutFilter@647a593e, com.student.system.security.JwtAuthenticationFilter@2e6f6ed5, org.springframework.security.web.savedrequest.RequestCacheAwareFilter@1b7b6aee, org.springframework.security.web.servletapi.SecurityContextHolderAwareRequestFilter@40916547, org.springframework.security.web.authentication.AnonymousAuthenticationFilter@1358c48e, org.springframework.security.web.session.SessionManagementFilter@6596abd6, org.springframework.security.web.access.ExceptionTranslationFilter@368efc25, org.springframework.security.web.access.intercept.AuthorizationFilter@6fe681dd]
2026-01-21 16:56:32.331 [restartedMain] INFO  o.s.b.d.autoconfigure.OptionalLiveReloadServer - LiveReload server is running on port 35729
2026-01-21 16:56:32.355 [restartedMain] INFO  o.s.boot.web.embedded.tomcat.TomcatWebServer - Tomcat started on port(s): 8088 (http) with context path '/api'
2026-01-21 16:56:32.360 [restartedMain] INFO  com.student.system.StudentSystemApplication - Started StudentSystemApplication in 0.896 seconds (process running for 225.112)
2026-01-21 16:56:32.362 [restartedMain] INFO  o.s.b.d.a.ConditionEvaluationDeltaLoggingListener - Condition evaluation unchanged
2026-01-21 16:57:09.201 [File Watcher] INFO  o.s.b.d.a.LocalDevToolsAutoConfiguration$RestartingClassPathChangeChangedEventListener - Restarting due to 1 class path change (0 additions, 0 deletions, 1 modification)
2026-01-21 16:57:10.213 [Thread-7] WARN  org.apache.tomcat.util.net.NioEndpoint - Failed to unlock acceptor for [http-nio-8088] because the local address was not available
2026-01-21 16:57:10.214 [Thread-7] INFO  org.apache.catalina.core.StandardService - Stopping service [Tomcat]
2026-01-21 16:57:10.214 [http-nio-8088-Acceptor] ERROR org.apache.tomcat.util.net.Acceptor - Socket accept failed
java.nio.channels.AsynchronousCloseException: null
	at java.base/java.nio.channels.spi.AbstractInterruptibleChannel.end(AbstractInterruptibleChannel.java:202) ~[na:na]
	at java.base/sun.nio.ch.ServerSocketChannelImpl.end(ServerSocketChannelImpl.java:376) ~[na:na]
	at java.base/sun.nio.ch.ServerSocketChannelImpl.accept(ServerSocketChannelImpl.java:399) ~[na:na]
	at org.apache.tomcat.util.net.NioEndpoint.serverSocketAccept(NioEndpoint.java:521) ~[tomcat-embed-core-10.1.16.jar:10.1.16]
	at org.apache.tomcat.util.net.NioEndpoint.serverSocketAccept(NioEndpoint.java:79) ~[tomcat-embed-core-10.1.16.jar:10.1.16]
	at org.apache.tomcat.util.net.Acceptor.run(Acceptor.java:128) ~[tomcat-embed-core-10.1.16.jar:10.1.16]
	at java.base/java.lang.Thread.run(Thread.java:840) ~[na:na]
2026-01-21 16:57:10.217 [Thread-7] WARN  org.apache.catalina.loader.WebappClassLoaderBase - The web application [api] appears to have started a thread named [lettuce-timer-5-1] but has failed to stop it. This is very likely to create a memory leak. Stack trace of thread:
 java.base@17.0.17/java.lang.Thread.sleep(Native Method)
 app//io.netty.util.HashedWheelTimer$Worker.waitForNextTick(HashedWheelTimer.java:600)
 app//io.netty.util.HashedWheelTimer$Worker.run(HashedWheelTimer.java:496)
 app//io.netty.util.concurrent.FastThreadLocalRunnable.run(FastThreadLocalRunnable.java:30)
 java.base@17.0.17/java.lang.Thread.run(Thread.java:840)
2026-01-21 16:57:10.367 [restartedMain] INFO  com.student.system.StudentSystemApplication - Starting StudentSystemApplication using Java 17.0.17 with PID 63987 (/Users/jay/Desktop/project/backend/target/classes started by jay in /Users/jay/Desktop/project/backend)
2026-01-21 16:57:10.367 [restartedMain] DEBUG com.student.system.StudentSystemApplication - Running with Spring Boot v3.1.6, Spring v6.0.14
2026-01-21 16:57:10.367 [restartedMain] INFO  com.student.system.StudentSystemApplication - No active profile set, falling back to 1 default profile: "default"
2026-01-21 16:57:10.637 [restartedMain] INFO  o.s.d.r.config.RepositoryConfigurationDelegate - Multiple Spring Data modules found, entering strict repository configuration mode
2026-01-21 16:57:10.637 [restartedMain] INFO  o.s.d.r.config.RepositoryConfigurationDelegate - Bootstrapping Spring Data Redis repositories in DEFAULT mode.
2026-01-21 16:57:10.641 [restartedMain] INFO  o.s.d.r.config.RepositoryConfigurationDelegate - Finished Spring Data repository scanning in 3 ms. Found 0 Redis repository interfaces.
2026-01-21 16:57:10.775 [restartedMain] INFO  o.s.boot.web.embedded.tomcat.TomcatWebServer - Tomcat initialized with port(s): 8088 (http)
2026-01-21 16:57:10.776 [restartedMain] INFO  org.apache.catalina.core.StandardService - Starting service [Tomcat]
2026-01-21 16:57:10.776 [restartedMain] INFO  org.apache.catalina.core.StandardEngine - Starting Servlet engine: [Apache Tomcat/10.1.16]
2026-01-21 16:57:10.781 [restartedMain] INFO  o.a.c.c.ContainerBase.[Tomcat].[localhost].[/api] - Initializing Spring embedded WebApplicationContext
2026-01-21 16:57:10.781 [restartedMain] INFO  o.s.b.w.s.c.ServletWebServerApplicationContext - Root WebApplicationContext: initialization completed in 412 ms
2026-01-21 16:57:10.906 [restartedMain] DEBUG c.student.system.security.JwtAuthenticationFilter - Filter 'jwtAuthenticationFilter' configured for use
2026-01-21 16:57:11.093 [restartedMain] INFO  o.s.b.actuate.endpoint.web.EndpointLinksResolver - Exposing 4 endpoint(s) beneath base path '/actuator'
2026-01-21 16:57:11.148 [restartedMain] INFO  o.s.security.web.DefaultSecurityFilterChain - Will secure any request with [org.springframework.security.web.session.DisableEncodeUrlFilter@39c4fb74, org.springframework.security.web.context.request.async.WebAsyncManagerIntegrationFilter@269040f5, org.springframework.security.web.context.SecurityContextHolderFilter@5b9da339, org.springframework.security.web.header.HeaderWriterFilter@4b460e19, org.springframework.security.web.authentication.logout.LogoutFilter@1371874e, com.student.system.security.JwtAuthenticationFilter@69d15b24, org.springframework.security.web.savedrequest.RequestCacheAwareFilter@72afc921, org.springframework.security.web.servletapi.SecurityContextHolderAwareRequestFilter@96237ab, org.springframework.security.web.authentication.AnonymousAuthenticationFilter@64dffb55, org.springframework.security.web.session.SessionManagementFilter@3fb267f4, org.springframework.security.web.access.ExceptionTranslationFilter@768bf211, org.springframework.security.web.access.intercept.AuthorizationFilter@7dc11f7]
2026-01-21 16:57:11.324 [restartedMain] INFO  o.s.b.d.autoconfigure.OptionalLiveReloadServer - LiveReload server is running on port 35729
2026-01-21 16:57:11.345 [restartedMain] INFO  o.s.boot.web.embedded.tomcat.TomcatWebServer - Tomcat started on port(s): 8088 (http) with context path '/api'
2026-01-21 16:57:11.350 [restartedMain] INFO  com.student.system.StudentSystemApplication - Started StudentSystemApplication in 1.0 seconds (process running for 264.102)
2026-01-21 16:57:11.351 [restartedMain] INFO  o.s.b.d.a.ConditionEvaluationDeltaLoggingListener - Condition evaluation unchanged
2026-01-21 16:57:22.632 [File Watcher] INFO  o.s.b.d.a.LocalDevToolsAutoConfiguration$RestartingClassPathChangeChangedEventListener - Restarting due to 27 class path changes (0 additions, 0 deletions, 27 modifications)
2026-01-21 16:57:23.434 [Thread-11] INFO  org.apache.catalina.core.StandardService - Stopping service [Tomcat]
2026-01-21 16:57:23.436 [Thread-11] WARN  org.apache.catalina.loader.WebappClassLoaderBase - The web application [api] appears to have started a thread named [lettuce-timer-7-1] but has failed to stop it. This is very likely to create a memory leak. Stack trace of thread:
 java.base@17.0.17/java.lang.Thread.sleep(Native Method)
 app//io.netty.util.HashedWheelTimer$Worker.waitForNextTick(HashedWheelTimer.java:600)
 app//io.netty.util.HashedWheelTimer$Worker.run(HashedWheelTimer.java:496)
 app//io.netty.util.concurrent.FastThreadLocalRunnable.run(FastThreadLocalRunnable.java:30)
 java.base@17.0.17/java.lang.Thread.run(Thread.java:840)
2026-01-21 16:57:23.478 [restartedMain] INFO  com.student.system.StudentSystemApplication - Starting StudentSystemApplication using Java 17.0.17 with PID 63987 (/Users/jay/Desktop/project/backend/target/classes started by jay in /Users/jay/Desktop/project/backend)
2026-01-21 16:57:23.478 [restartedMain] DEBUG com.student.system.StudentSystemApplication - Running with Spring Boot v3.1.6, Spring v6.0.14
2026-01-21 16:57:23.478 [restartedMain] INFO  com.student.system.StudentSystemApplication - No active profile set, falling back to 1 default profile: "default"
2026-01-21 16:57:23.595 [restartedMain] INFO  o.s.d.r.config.RepositoryConfigurationDelegate - Multiple Spring Data modules found, entering strict repository configuration mode
2026-01-21 16:57:23.595 [restartedMain] INFO  o.s.d.r.config.RepositoryConfigurationDelegate - Bootstrapping Spring Data Redis repositories in DEFAULT mode.
2026-01-21 16:57:23.597 [restartedMain] INFO  o.s.d.r.config.RepositoryConfigurationDelegate - Finished Spring Data repository scanning in 1 ms. Found 0 Redis repository interfaces.
2026-01-21 16:57:23.761 [restartedMain] INFO  o.s.boot.web.embedded.tomcat.TomcatWebServer - Tomcat initialized with port(s): 8088 (http)
2026-01-21 16:57:23.762 [restartedMain] INFO  org.apache.catalina.core.StandardService - Starting service [Tomcat]
2026-01-21 16:57:23.762 [restartedMain] INFO  org.apache.catalina.core.StandardEngine - Starting Servlet engine: [Apache Tomcat/10.1.16]
2026-01-21 16:57:23.766 [restartedMain] INFO  o.a.c.c.ContainerBase.[Tomcat].[localhost].[/api] - Initializing Spring embedded WebApplicationContext
2026-01-21 16:57:23.767 [restartedMain] INFO  o.s.b.w.s.c.ServletWebServerApplicationContext - Root WebApplicationContext: initialization completed in 288 ms
2026-01-21 16:57:23.880 [restartedMain] DEBUG c.student.system.security.JwtAuthenticationFilter - Filter 'jwtAuthenticationFilter' configured for use
2026-01-21 16:57:24.054 [restartedMain] INFO  o.s.b.actuate.endpoint.web.EndpointLinksResolver - Exposing 4 endpoint(s) beneath base path '/actuator'
2026-01-21 16:57:24.105 [restartedMain] INFO  o.s.security.web.DefaultSecurityFilterChain - Will secure any request with [org.springframework.security.web.session.DisableEncodeUrlFilter@5aadb04c, org.springframework.security.web.context.request.async.WebAsyncManagerIntegrationFilter@33439744, org.springframework.security.web.context.SecurityContextHolderFilter@60ea75cb, org.springframework.security.web.header.HeaderWriterFilter@50ee1d99, org.springframework.security.web.authentication.logout.LogoutFilter@ddc9b76, com.student.system.security.JwtAuthenticationFilter@2786c1b8, org.springframework.security.web.savedrequest.RequestCacheAwareFilter@3f704013, org.springframework.security.web.servletapi.SecurityContextHolderAwareRequestFilter@1f5280b1, org.springframework.security.web.authentication.AnonymousAuthenticationFilter@afb8228, org.springframework.security.web.session.SessionManagementFilter@68a93e20, org.springframework.security.web.access.ExceptionTranslationFilter@5ae0b4b9, org.springframework.security.web.access.intercept.AuthorizationFilter@3bcd6bad]
2026-01-21 16:57:24.279 [restartedMain] INFO  o.s.b.d.autoconfigure.OptionalLiveReloadServer - LiveReload server is running on port 35729
2026-01-21 16:57:24.302 [restartedMain] INFO  o.s.boot.web.embedded.tomcat.TomcatWebServer - Tomcat started on port(s): 8088 (http) with context path '/api'
2026-01-21 16:57:24.307 [restartedMain] INFO  com.student.system.StudentSystemApplication - Started StudentSystemApplication in 0.841 seconds (process running for 277.059)
2026-01-21 16:57:24.308 [restartedMain] INFO  o.s.b.d.a.ConditionEvaluationDeltaLoggingListener - Condition evaluation unchanged
2026-01-21 16:57:39.891 [restartedMain] INFO  com.student.system.StudentSystemApplication - Starting StudentSystemApplication using Java 17.0.17 with PID 67893 (/Users/jay/Desktop/project/backend/target/classes started by jay in /Users/jay/Desktop/project/backend)
2026-01-21 16:57:39.892 [restartedMain] DEBUG com.student.system.StudentSystemApplication - Running with Spring Boot v3.1.6, Spring v6.0.14
2026-01-21 16:57:39.893 [restartedMain] INFO  com.student.system.StudentSystemApplication - No active profile set, falling back to 1 default profile: "default"
2026-01-21 16:57:39.917 [restartedMain] INFO  o.s.b.d.env.DevToolsPropertyDefaultsPostProcessor - Devtools property defaults active! Set 'spring.devtools.add-properties' to 'false' to disable
2026-01-21 16:57:39.917 [restartedMain] INFO  o.s.b.d.env.DevToolsPropertyDefaultsPostProcessor - For additional web related logging consider setting the 'logging.level.web' property to 'DEBUG'
2026-01-21 16:57:40.451 [restartedMain] INFO  o.s.d.r.config.RepositoryConfigurationDelegate - Multiple Spring Data modules found, entering strict repository configuration mode
2026-01-21 16:57:40.452 [restartedMain] INFO  o.s.d.r.config.RepositoryConfigurationDelegate - Bootstrapping Spring Data Redis repositories in DEFAULT mode.
2026-01-21 16:57:40.466 [restartedMain] INFO  o.s.d.r.config.RepositoryConfigurationDelegate - Finished Spring Data repository scanning in 6 ms. Found 0 Redis repository interfaces.
2026-01-21 16:57:40.915 [restartedMain] INFO  o.s.boot.web.embedded.tomcat.TomcatWebServer - Tomcat initialized with port(s): 8088 (http)
2026-01-21 16:57:40.920 [restartedMain] INFO  org.apache.catalina.core.StandardService - Starting service [Tomcat]
2026-01-21 16:57:40.921 [restartedMain] INFO  org.apache.catalina.core.StandardEngine - Starting Servlet engine: [Apache Tomcat/10.1.16]
2026-01-21 16:57:40.951 [restartedMain] INFO  o.a.c.c.ContainerBase.[Tomcat].[localhost].[/api] - Initializing Spring embedded WebApplicationContext
2026-01-21 16:57:40.952 [restartedMain] INFO  o.s.b.w.s.c.ServletWebServerApplicationContext - Root WebApplicationContext: initialization completed in 1034 ms
2026-01-21 16:57:41.368 [restartedMain] DEBUG c.student.system.security.JwtAuthenticationFilter - Filter 'jwtAuthenticationFilter' configured for use
2026-01-21 16:57:41.694 [restartedMain] INFO  o.s.b.actuate.endpoint.web.EndpointLinksResolver - Exposing 4 endpoint(s) beneath base path '/actuator'
2026-01-21 16:57:41.757 [restartedMain] INFO  o.s.security.web.DefaultSecurityFilterChain - Will secure any request with [org.springframework.security.web.session.DisableEncodeUrlFilter@5e7ae098, org.springframework.security.web.context.request.async.WebAsyncManagerIntegrationFilter@5c21854e, org.springframework.security.web.context.SecurityContextHolderFilter@57fb9acf, org.springframework.security.web.header.HeaderWriterFilter@36bdb015, org.springframework.security.web.authentication.logout.LogoutFilter@68cc4ae7, com.student.system.security.JwtAuthenticationFilter@7e90809b, org.springframework.security.web.savedrequest.RequestCacheAwareFilter@c1c0b28, org.springframework.security.web.servletapi.SecurityContextHolderAwareRequestFilter@5186cb3b, org.springframework.security.web.authentication.AnonymousAuthenticationFilter@420385a4, org.springframework.security.web.session.SessionManagementFilter@e5f2cf5, org.springframework.security.web.access.ExceptionTranslationFilter@3bf79c04, org.springframework.security.web.access.intercept.AuthorizationFilter@4e0d73e]
2026-01-21 16:57:42.067 [restartedMain] INFO  o.s.b.d.autoconfigure.OptionalLiveReloadServer - LiveReload server is running on port 35729
2026-01-21 16:57:42.126 [restartedMain] INFO  o.s.boot.web.embedded.tomcat.TomcatWebServer - Tomcat started on port(s): 8088 (http) with context path '/api'
2026-01-21 16:57:42.136 [restartedMain] INFO  com.student.system.StudentSystemApplication - Started StudentSystemApplication in 2.444 seconds (process running for 2.644)
2026-01-21 16:57:44.160 [http-nio-8088-exec-1] INFO  o.a.c.c.ContainerBase.[Tomcat].[localhost].[/api] - Initializing Spring DispatcherServlet 'dispatcherServlet'
2026-01-21 16:57:44.160 [http-nio-8088-exec-1] INFO  org.springframework.web.servlet.DispatcherServlet - Initializing Servlet 'dispatcherServlet'
2026-01-21 16:57:44.161 [http-nio-8088-exec-1] INFO  org.springframework.web.servlet.DispatcherServlet - Completed initialization in 1 ms
2026-01-21 16:57:44.178 [http-nio-8088-exec-1] WARN  o.s.web.servlet.handler.HandlerMappingIntrospector - Cache miss for REQUEST dispatch to '/api/auth/login' (previous null). Performing MatchableHandlerMapping lookup. This is logged once only at WARN level, and every time at TRACE.
2026-01-21 16:57:44.252 [http-nio-8088-exec-1] INFO  com.student.system.controller.AuthController - 用户登录请求: admin
2026-01-21 16:57:44.380 [http-nio-8088-exec-1] INFO  com.zaxxer.hikari.HikariDataSource - StudentSystemHikariCP - Starting...
2026-01-21 16:57:44.483 [http-nio-8088-exec-1] INFO  com.zaxxer.hikari.pool.HikariPool - StudentSystemHikariCP - Added connection com.mysql.cj.jdbc.ConnectionImpl@65184715
2026-01-21 16:57:44.485 [http-nio-8088-exec-1] INFO  com.zaxxer.hikari.HikariDataSource - StudentSystemHikariCP - Start completed.
2026-01-21 16:57:44.490 [http-nio-8088-exec-1] DEBUG c.student.system.mapper.SysUserMapper.selectList - ==>  Preparing: SELECT id,username,password,nickname,email,phone,avatar,status,deleted,create_time,update_time FROM sys_user WHERE deleted=0 AND (username = ?)
2026-01-21 16:57:44.502 [http-nio-8088-exec-1] DEBUG c.student.system.mapper.SysUserMapper.selectList - ==> Parameters: admin(String)
2026-01-21 16:57:44.545 [http-nio-8088-exec-1] ERROR o.a.c.c.C.[.[localhost].[/api].[dispatcherServlet] - Servlet.service() for servlet [dispatcherServlet] in context with path [/api] threw exception [Request processing failed: org.springframework.jdbc.BadSqlGrammarException: 
### Error querying database.  Cause: java.sql.SQLSyntaxErrorException: Unknown column 'deleted' in 'field list'
### The error may exist in com/student/system/mapper/SysUserMapper.java (best guess)
### The error may involve defaultParameterMap
### The error occurred while setting parameters
### SQL: SELECT  id,username,password,nickname,email,phone,avatar,status,deleted,create_time,update_time  FROM sys_user  WHERE deleted=0     AND (username = ?)
### Cause: java.sql.SQLSyntaxErrorException: Unknown column 'deleted' in 'field list'
; bad SQL grammar []] with root cause
java.sql.SQLSyntaxErrorException: Unknown column 'deleted' in 'field list'
	at com.mysql.cj.jdbc.exceptions.SQLError.createSQLException(SQLError.java:121)
	at com.mysql.cj.jdbc.exceptions.SQLExceptionsMapping.translateException(SQLExceptionsMapping.java:122)
	at com.mysql.cj.jdbc.ClientPreparedStatement.executeInternal(ClientPreparedStatement.java:916)
	at com.mysql.cj.jdbc.ClientPreparedStatement.execute(ClientPreparedStatement.java:354)
	at com.zaxxer.hikari.pool.ProxyPreparedStatement.execute(ProxyPreparedStatement.java:44)
	at com.zaxxer.hikari.pool.HikariProxyPreparedStatement.execute(HikariProxyPreparedStatement.java)
	at java.base/jdk.internal.reflect.NativeMethodAccessorImpl.invoke0(Native Method)
	at java.base/jdk.internal.reflect.NativeMethodAccessorImpl.invoke(NativeMethodAccessorImpl.java:77)
	at java.base/jdk.internal.reflect.DelegatingMethodAccessorImpl.invoke(DelegatingMethodAccessorImpl.java:43)
	at java.base/java.lang.reflect.Method.invoke(Method.java:569)
	at org.apache.ibatis.logging.jdbc.PreparedStatementLogger.invoke(PreparedStatementLogger.java:58)
	at jdk.proxy4/jdk.proxy4.$Proxy127.execute(Unknown Source)
	at org.apache.ibatis.executor.statement.PreparedStatementHandler.query(PreparedStatementHandler.java:65)
	at org.apache.ibatis.executor.statement.RoutingStatementHandler.query(RoutingStatementHandler.java:80)
	at java.base/jdk.internal.reflect.NativeMethodAccessorImpl.invoke0(Native Method)
	at java.base/jdk.internal.reflect.NativeMethodAccessorImpl.invoke(NativeMethodAccessorImpl.java:77)
	at java.base/jdk.internal.reflect.DelegatingMethodAccessorImpl.invoke(DelegatingMethodAccessorImpl.java:43)
	at java.base/java.lang.reflect.Method.invoke(Method.java:569)
	at org.apache.ibatis.plugin.Plugin.invoke(Plugin.java:61)
	at jdk.proxy2/jdk.proxy2.$Proxy125.query(Unknown Source)
	at org.apache.ibatis.executor.SimpleExecutor.doQuery(SimpleExecutor.java:65)
	at org.apache.ibatis.executor.BaseExecutor.queryFromDatabase(BaseExecutor.java:336)
	at org.apache.ibatis.executor.BaseExecutor.query(BaseExecutor.java:158)
	at org.apache.ibatis.executor.CachingExecutor.query(CachingExecutor.java:110)
	at com.baomidou.mybatisplus.extension.plugins.MybatisPlusInterceptor.intercept(MybatisPlusInterceptor.java:81)
	at org.apache.ibatis.plugin.Plugin.invoke(Plugin.java:59)
	at jdk.proxy2/jdk.proxy2.$Proxy124.query(Unknown Source)
	at org.apache.ibatis.session.defaults.DefaultSqlSession.selectList(DefaultSqlSession.java:154)
	at org.apache.ibatis.session.defaults.DefaultSqlSession.selectList(DefaultSqlSession.java:147)
	at org.apache.ibatis.session.defaults.DefaultSqlSession.selectList(DefaultSqlSession.java:142)
	at java.base/jdk.internal.reflect.NativeMethodAccessorImpl.invoke0(Native Method)
	at java.base/jdk.internal.reflect.NativeMethodAccessorImpl.invoke(NativeMethodAccessorImpl.java:77)
	at java.base/jdk.internal.reflect.DelegatingMethodAccessorImpl.invoke(DelegatingMethodAccessorImpl.java:43)
	at java.base/java.lang.reflect.Method.invoke(Method.java:569)
	at org.mybatis.spring.SqlSessionTemplate$SqlSessionInterceptor.invoke(SqlSessionTemplate.java:425)
	at jdk.proxy2/jdk.proxy2.$Proxy102.selectList(Unknown Source)
	at org.mybatis.spring.SqlSessionTemplate.selectList(SqlSessionTemplate.java:224)
	at com.baomidou.mybatisplus.core.override.MybatisMapperMethod.executeForMany(MybatisMapperMethod.java:164)
	at com.baomidou.mybatisplus.core.override.MybatisMapperMethod.execute(MybatisMapperMethod.java:77)
	at com.baomidou.mybatisplus.core.override.MybatisMapperProxy$PlainMethodInvoker.invoke(MybatisMapperProxy.java:149)
	at com.baomidou.mybatisplus.core.override.MybatisMapperProxy.invoke(MybatisMapperProxy.java:90)
	at jdk.proxy3/jdk.proxy3.$Proxy107.selectList(Unknown Source)
	at com.baomidou.mybatisplus.core.mapper.BaseMapper.selectOne(BaseMapper.java:223)
	at java.base/java.lang.invoke.MethodHandle.invokeWithArguments(MethodHandle.java:732)
	at com.baomidou.mybatisplus.core.override.MybatisMapperProxy$DefaultMethodInvoker.invoke(MybatisMapperProxy.java:163)
	at com.baomidou.mybatisplus.core.override.MybatisMapperProxy.invoke(MybatisMapperProxy.java:90)
	at jdk.proxy3/jdk.proxy3.$Proxy107.selectOne(Unknown Source)
	at com.baomidou.mybatisplus.core.mapper.BaseMapper.selectOne(BaseMapper.java:212)
	at java.base/java.lang.invoke.MethodHandle.invokeWithArguments(MethodHandle.java:732)
	at com.baomidou.mybatisplus.core.override.MybatisMapperProxy$DefaultMethodInvoker.invoke(MybatisMapperProxy.java:163)
	at com.baomidou.mybatisplus.core.override.MybatisMapperProxy.invoke(MybatisMapperProxy.java:90)
	at jdk.proxy3/jdk.proxy3.$Proxy107.selectOne(Unknown Source)
	at com.student.system.service.impl.AuthServiceImpl.login(AuthServiceImpl.java:49)
	at com.student.system.controller.AuthController.login(AuthController.java:33)
	at java.base/jdk.internal.reflect.NativeMethodAccessorImpl.invoke0(Native Method)
	at java.base/jdk.internal.reflect.NativeMethodAccessorImpl.invoke(NativeMethodAccessorImpl.java:77)
	at java.base/jdk.internal.reflect.DelegatingMethodAccessorImpl.invoke(DelegatingMethodAccessorImpl.java:43)
	at java.base/java.lang.reflect.Method.invoke(Method.java:569)
	at org.springframework.web.method.support.InvocableHandlerMethod.doInvoke(InvocableHandlerMethod.java:205)
	at org.springframework.web.method.support.InvocableHandlerMethod.invokeForRequest(InvocableHandlerMethod.java:150)
	at org.springframework.web.servlet.mvc.method.annotation.ServletInvocableHandlerMethod.invokeAndHandle(ServletInvocableHandlerMethod.java:118)
	at org.springframework.web.servlet.mvc.method.annotation.RequestMappingHandlerAdapter.invokeHandlerMethod(RequestMappingHandlerAdapter.java:884)
	at org.springframework.web.servlet.mvc.method.annotation.RequestMappingHandlerAdapter.handleInternal(RequestMappingHandlerAdapter.java:797)
	at org.springframework.web.servlet.mvc.method.AbstractHandlerMethodAdapter.handle(AbstractHandlerMethodAdapter.java:87)
	at org.springframework.web.servlet.DispatcherServlet.doDispatch(DispatcherServlet.java:1081)
	at org.springframework.web.servlet.DispatcherServlet.doService(DispatcherServlet.java:974)
	at org.springframework.web.servlet.FrameworkServlet.processRequest(FrameworkServlet.java:1014)
	at org.springframework.web.servlet.FrameworkServlet.doPost(FrameworkServlet.java:914)
	at jakarta.servlet.http.HttpServlet.service(HttpServlet.java:590)
	at org.springframework.web.servlet.FrameworkServlet.service(FrameworkServlet.java:885)
	at jakarta.servlet.http.HttpServlet.service(HttpServlet.java:658)
	at org.apache.catalina.core.ApplicationFilterChain.internalDoFilter(ApplicationFilterChain.java:205)
	at org.apache.catalina.core.ApplicationFilterChain.doFilter(ApplicationFilterChain.java:149)
	at org.apache.tomcat.websocket.server.WsFilter.doFilter(WsFilter.java:51)
	at org.apache.catalina.core.ApplicationFilterChain.internalDoFilter(ApplicationFilterChain.java:174)
	at org.apache.catalina.core.ApplicationFilterChain.doFilter(ApplicationFilterChain.java:149)
	at org.springframework.web.filter.CorsFilter.doFilterInternal(CorsFilter.java:91)
	at org.springframework.web.filter.OncePerRequestFilter.doFilter(OncePerRequestFilter.java:116)
	at org.apache.catalina.core.ApplicationFilterChain.internalDoFilter(ApplicationFilterChain.java:174)
	at org.apache.catalina.core.ApplicationFilterChain.doFilter(ApplicationFilterChain.java:149)
	at org.springframework.web.filter.OncePerRequestFilter.doFilter(OncePerRequestFilter.java:110)
	at org.apache.catalina.core.ApplicationFilterChain.internalDoFilter(ApplicationFilterChain.java:174)
	at org.apache.catalina.core.ApplicationFilterChain.doFilter(ApplicationFilterChain.java:149)
	at org.springframework.security.web.FilterChainProxy.lambda$doFilterInternal$3(FilterChainProxy.java:231)
	at org.springframework.security.web.ObservationFilterChainDecorator$FilterObservation$SimpleFilterObservation.lambda$wrap$1(ObservationFilterChainDecorator.java:479)
	at org.springframework.security.web.ObservationFilterChainDecorator$AroundFilterObservation$SimpleAroundFilterObservation.lambda$wrap$1(ObservationFilterChainDecorator.java:340)
	at org.springframework.security.web.ObservationFilterChainDecorator.lambda$wrapSecured$0(ObservationFilterChainDecorator.java:82)
	at org.springframework.security.web.ObservationFilterChainDecorator$VirtualFilterChain.doFilter(ObservationFilterChainDecorator.java:128)
	at org.springframework.security.web.access.intercept.AuthorizationFilter.doFilter(AuthorizationFilter.java:100)
	at org.springframework.security.web.ObservationFilterChainDecorator$ObservationFilter.wrapFilter(ObservationFilterChainDecorator.java:240)
	at org.springframework.security.web.ObservationFilterChainDecorator$ObservationFilter.doFilter(ObservationFilterChainDecorator.java:227)
	at org.springframework.security.web.ObservationFilterChainDecorator$VirtualFilterChain.doFilter(ObservationFilterChainDecorator.java:137)
	at org.springframework.security.web.access.ExceptionTranslationFilter.doFilter(ExceptionTranslationFilter.java:126)
	at org.springframework.security.web.access.ExceptionTranslationFilter.doFilter(ExceptionTranslationFilter.java:120)
	at org.springframework.security.web.ObservationFilterChainDecorator$ObservationFilter.wrapFilter(ObservationFilterChainDecorator.java:240)
	at org.springframework.security.web.ObservationFilterChainDecorator$ObservationFilter.doFilter(ObservationFilterChainDecorator.java:227)
	at org.springframework.security.web.ObservationFilterChainDecorator$VirtualFilterChain.doFilter(ObservationFilterChainDecorator.java:137)
	at org.springframework.security.web.session.SessionManagementFilter.doFilter(SessionManagementFilter.java:131)
	at org.springframework.security.web.session.SessionManagementFilter.doFilter(SessionManagementFilter.java:85)
	at org.springframework.security.web.ObservationFilterChainDecorator$ObservationFilter.wrapFilter(ObservationFilterChainDecorator.java:240)
	at org.springframework.security.web.ObservationFilterChainDecorator$ObservationFilter.doFilter(ObservationFilterChainDecorator.java:227)
	at org.springframework.security.web.ObservationFilterChainDecorator$VirtualFilterChain.doFilter(ObservationFilterChainDecorator.java:137)
	at org.springframework.security.web.authentication.AnonymousAuthenticationFilter.doFilter(AnonymousAuthenticationFilter.java:100)
	at org.springframework.security.web.ObservationFilterChainDecorator$ObservationFilter.wrapFilter(ObservationFilterChainDecorator.java:240)
	at org.springframework.security.web.ObservationFilterChainDecorator$ObservationFilter.doFilter(ObservationFilterChainDecorator.java:227)
	at org.springframework.security.web.ObservationFilterChainDecorator$VirtualFilterChain.doFilter(ObservationFilterChainDecorator.java:137)
	at org.springframework.security.web.servletapi.SecurityContextHolderAwareRequestFilter.doFilter(SecurityContextHolderAwareRequestFilter.java:179)
	at org.springframework.security.web.ObservationFilterChainDecorator$ObservationFilter.wrapFilter(ObservationFilterChainDecorator.java:240)
	at org.springframework.security.web.ObservationFilterChainDecorator$ObservationFilter.doFilter(ObservationFilterChainDecorator.java:227)
	at org.springframework.security.web.ObservationFilterChainDecorator$VirtualFilterChain.doFilter(ObservationFilterChainDecorator.java:137)
	at org.springframework.security.web.savedrequest.RequestCacheAwareFilter.doFilter(RequestCacheAwareFilter.java:63)
	at org.springframework.security.web.ObservationFilterChainDecorator$ObservationFilter.wrapFilter(ObservationFilterChainDecorator.java:240)
	at org.springframework.security.web.ObservationFilterChainDecorator$ObservationFilter.doFilter(ObservationFilterChainDecorator.java:227)
	at org.springframework.security.web.ObservationFilterChainDecorator$VirtualFilterChain.doFilter(ObservationFilterChainDecorator.java:137)
	at com.student.system.security.JwtAuthenticationFilter.doFilterInternal(JwtAuthenticationFilter.java:97)
	at org.springframework.web.filter.OncePerRequestFilter.doFilter(OncePerRequestFilter.java:116)
	at org.springframework.security.web.ObservationFilterChainDecorator$ObservationFilter.wrapFilter(ObservationFilterChainDecorator.java:240)
	at org.springframework.security.web.ObservationFilterChainDecorator$ObservationFilter.doFilter(ObservationFilterChainDecorator.java:227)
	at org.springframework.security.web.ObservationFilterChainDecorator$VirtualFilterChain.doFilter(ObservationFilterChainDecorator.java:137)
	at org.springframework.security.web.authentication.logout.LogoutFilter.doFilter(LogoutFilter.java:107)
	at org.springframework.security.web.authentication.logout.LogoutFilter.doFilter(LogoutFilter.java:93)
	at org.springframework.security.web.ObservationFilterChainDecorator$ObservationFilter.wrapFilter(ObservationFilterChainDecorator.java:240)
	at org.springframework.security.web.ObservationFilterChainDecorator$ObservationFilter.doFilter(ObservationFilterChainDecorator.java:227)
	at org.springframework.security.web.ObservationFilterChainDecorator$VirtualFilterChain.doFilter(ObservationFilterChainDecorator.java:137)
	at org.springframework.security.web.header.HeaderWriterFilter.doHeadersAfter(HeaderWriterFilter.java:90)
	at org.springframework.security.web.header.HeaderWriterFilter.doFilterInternal(HeaderWriterFilter.java:75)
	at org.springframework.web.filter.OncePerRequestFilter.doFilter(OncePerRequestFilter.java:116)
	at org.springframework.security.web.ObservationFilterChainDecorator$ObservationFilter.wrapFilter(ObservationFilterChainDecorator.java:240)
	at org.springframework.security.web.ObservationFilterChainDecorator$ObservationFilter.doFilter(ObservationFilterChainDecorator.java:227)
	at org.springframework.security.web.ObservationFilterChainDecorator$VirtualFilterChain.doFilter(ObservationFilterChainDecorator.java:137)
	at org.springframework.security.web.context.SecurityContextHolderFilter.doFilter(SecurityContextHolderFilter.java:82)
	at org.springframework.security.web.context.SecurityContextHolderFilter.doFilter(SecurityContextHolderFilter.java:69)
	at org.springframework.security.web.ObservationFilterChainDecorator$ObservationFilter.wrapFilter(ObservationFilterChainDecorator.java:240)
	at org.springframework.security.web.ObservationFilterChainDecorator$ObservationFilter.doFilter(ObservationFilterChainDecorator.java:227)
	at org.springframework.security.web.ObservationFilterChainDecorator$VirtualFilterChain.doFilter(ObservationFilterChainDecorator.java:137)
	at org.springframework.security.web.context.request.async.WebAsyncManagerIntegrationFilter.doFilterInternal(WebAsyncManagerIntegrationFilter.java:62)
	at org.springframework.web.filter.OncePerRequestFilter.doFilter(OncePerRequestFilter.java:116)
	at org.springframework.security.web.ObservationFilterChainDecorator$ObservationFilter.wrapFilter(ObservationFilterChainDecorator.java:240)
	at org.springframework.security.web.ObservationFilterChainDecorator$ObservationFilter.doFilter(ObservationFilterChainDecorator.java:227)
	at org.springframework.security.web.ObservationFilterChainDecorator$VirtualFilterChain.doFilter(ObservationFilterChainDecorator.java:137)
	at org.springframework.security.web.session.DisableEncodeUrlFilter.doFilterInternal(DisableEncodeUrlFilter.java:42)
	at org.springframework.web.filter.OncePerRequestFilter.doFilter(OncePerRequestFilter.java:116)
	at org.springframework.security.web.ObservationFilterChainDecorator$ObservationFilter.wrapFilter(ObservationFilterChainDecorator.java:240)
	at org.springframework.security.web.ObservationFilterChainDecorator$AroundFilterObservation$SimpleAroundFilterObservation.lambda$wrap$0(ObservationFilterChainDecorator.java:323)
	at org.springframework.security.web.ObservationFilterChainDecorator$ObservationFilter.doFilter(ObservationFilterChainDecorator.java:224)
	at org.springframework.security.web.ObservationFilterChainDecorator$VirtualFilterChain.doFilter(ObservationFilterChainDecorator.java:137)
	at org.springframework.security.web.FilterChainProxy.doFilterInternal(FilterChainProxy.java:233)
	at org.springframework.security.web.FilterChainProxy.doFilter(FilterChainProxy.java:191)
	at org.springframework.web.filter.DelegatingFilterProxy.invokeDelegate(DelegatingFilterProxy.java:352)
	at org.springframework.web.filter.DelegatingFilterProxy.doFilter(DelegatingFilterProxy.java:268)
	at org.apache.catalina.core.ApplicationFilterChain.internalDoFilter(ApplicationFilterChain.java:174)
	at org.apache.catalina.core.ApplicationFilterChain.doFilter(ApplicationFilterChain.java:149)
	at org.springframework.web.filter.RequestContextFilter.doFilterInternal(RequestContextFilter.java:100)
	at org.springframework.web.filter.OncePerRequestFilter.doFilter(OncePerRequestFilter.java:116)
	at org.apache.catalina.core.ApplicationFilterChain.internalDoFilter(ApplicationFilterChain.java:174)
	at org.apache.catalina.core.ApplicationFilterChain.doFilter(ApplicationFilterChain.java:149)
	at org.springframework.web.filter.FormContentFilter.doFilterInternal(FormContentFilter.java:93)
	at org.springframework.web.filter.OncePerRequestFilter.doFilter(OncePerRequestFilter.java:116)
	at org.apache.catalina.core.ApplicationFilterChain.internalDoFilter(ApplicationFilterChain.java:174)
	at org.apache.catalina.core.ApplicationFilterChain.doFilter(ApplicationFilterChain.java:149)
	at org.springframework.web.filter.ServerHttpObservationFilter.doFilterInternal(ServerHttpObservationFilter.java:109)
	at org.springframework.web.filter.OncePerRequestFilter.doFilter(OncePerRequestFilter.java:116)
	at org.apache.catalina.core.ApplicationFilterChain.internalDoFilter(ApplicationFilterChain.java:174)
	at org.apache.catalina.core.ApplicationFilterChain.doFilter(ApplicationFilterChain.java:149)
	at org.springframework.web.filter.CharacterEncodingFilter.doFilterInternal(CharacterEncodingFilter.java:201)
	at org.springframework.web.filter.OncePerRequestFilter.doFilter(OncePerRequestFilter.java:116)
	at org.apache.catalina.core.ApplicationFilterChain.internalDoFilter(ApplicationFilterChain.java:174)
	at org.apache.catalina.core.ApplicationFilterChain.doFilter(ApplicationFilterChain.java:149)
	at org.apache.catalina.core.StandardWrapperValve.invoke(StandardWrapperValve.java:167)
	at org.apache.catalina.core.StandardContextValve.invoke(StandardContextValve.java:90)
	at org.apache.catalina.authenticator.AuthenticatorBase.invoke(AuthenticatorBase.java:482)
	at org.apache.catalina.core.StandardHostValve.invoke(StandardHostValve.java:115)
	at org.apache.catalina.valves.ErrorReportValve.invoke(ErrorReportValve.java:93)
	at org.apache.catalina.core.StandardEngineValve.invoke(StandardEngineValve.java:74)
	at org.apache.catalina.connector.CoyoteAdapter.service(CoyoteAdapter.java:340)
	at org.apache.coyote.http11.Http11Processor.service(Http11Processor.java:391)
	at org.apache.coyote.AbstractProcessorLight.process(AbstractProcessorLight.java:63)
	at org.apache.coyote.AbstractProtocol$ConnectionHandler.process(AbstractProtocol.java:896)
	at org.apache.tomcat.util.net.NioEndpoint$SocketProcessor.doRun(NioEndpoint.java:1744)
	at org.apache.tomcat.util.net.SocketProcessorBase.run(SocketProcessorBase.java:52)
	at org.apache.tomcat.util.threads.ThreadPoolExecutor.runWorker(ThreadPoolExecutor.java:1191)
	at org.apache.tomcat.util.threads.ThreadPoolExecutor$Worker.run(ThreadPoolExecutor.java:659)
	at org.apache.tomcat.util.threads.TaskThread$WrappingRunnable.run(TaskThread.java:61)
	at java.base/java.lang.Thread.run(Thread.java:840)
2026-01-21 16:58:40.108 [File Watcher] INFO  o.s.b.d.a.LocalDevToolsAutoConfiguration$RestartingClassPathChangeChangedEventListener - Restarting due to 1 class path change (0 additions, 0 deletions, 1 modification)
2026-01-21 16:58:41.122 [Thread-5] WARN  org.apache.tomcat.util.net.NioEndpoint - Failed to unlock acceptor for [http-nio-8088] because the local address was not available
2026-01-21 16:58:41.122 [Thread-5] INFO  org.apache.catalina.core.StandardService - Stopping service [Tomcat]
2026-01-21 16:58:41.122 [http-nio-8088-Acceptor] ERROR org.apache.tomcat.util.net.Acceptor - Socket accept failed
java.nio.channels.AsynchronousCloseException: null
	at java.base/java.nio.channels.spi.AbstractInterruptibleChannel.end(AbstractInterruptibleChannel.java:202)
	at java.base/sun.nio.ch.ServerSocketChannelImpl.end(ServerSocketChannelImpl.java:376)
	at java.base/sun.nio.ch.ServerSocketChannelImpl.accept(ServerSocketChannelImpl.java:399)
	at org.apache.tomcat.util.net.NioEndpoint.serverSocketAccept(NioEndpoint.java:521)
	at org.apache.tomcat.util.net.NioEndpoint.serverSocketAccept(NioEndpoint.java:79)
	at org.apache.tomcat.util.net.Acceptor.run(Acceptor.java:128)
	at java.base/java.lang.Thread.run(Thread.java:840)
2026-01-21 16:58:41.124 [Thread-5] INFO  o.a.c.c.ContainerBase.[Tomcat].[localhost].[/api] - Destroying Spring FrameworkServlet 'dispatcherServlet'
2026-01-21 16:58:41.126 [Thread-5] WARN  org.apache.catalina.loader.WebappClassLoaderBase - The web application [api] appears to have started a thread named [lettuce-timer-3-1] but has failed to stop it. This is very likely to create a memory leak. Stack trace of thread:
 java.base@17.0.17/java.lang.Thread.sleep(Native Method)
 app//io.netty.util.HashedWheelTimer$Worker.waitForNextTick(HashedWheelTimer.java:600)
 app//io.netty.util.HashedWheelTimer$Worker.run(HashedWheelTimer.java:496)
 app//io.netty.util.concurrent.FastThreadLocalRunnable.run(FastThreadLocalRunnable.java:30)
 java.base@17.0.17/java.lang.Thread.run(Thread.java:840)
2026-01-21 16:58:41.126 [Thread-5] WARN  org.apache.catalina.loader.WebappClassLoaderBase - The web application [api] appears to have started a thread named [StudentSystemHikariCP housekeeper] but has failed to stop it. This is very likely to create a memory leak. Stack trace of thread:
 java.base@17.0.17/jdk.internal.misc.Unsafe.park(Native Method)
 java.base@17.0.17/java.util.concurrent.locks.LockSupport.parkNanos(LockSupport.java:252)
 java.base@17.0.17/java.util.concurrent.locks.AbstractQueuedSynchronizer$ConditionObject.awaitNanos(AbstractQueuedSynchronizer.java:1679)
 java.base@17.0.17/java.util.concurrent.ScheduledThreadPoolExecutor$DelayedWorkQueue.take(ScheduledThreadPoolExecutor.java:1182)
 java.base@17.0.17/java.util.concurrent.ScheduledThreadPoolExecutor$DelayedWorkQueue.take(ScheduledThreadPoolExecutor.java:899)
 java.base@17.0.17/java.util.concurrent.ThreadPoolExecutor.getTask(ThreadPoolExecutor.java:1062)
 java.base@17.0.17/java.util.concurrent.ThreadPoolExecutor.runWorker(ThreadPoolExecutor.java:1122)
 java.base@17.0.17/java.util.concurrent.ThreadPoolExecutor$Worker.run(ThreadPoolExecutor.java:635)
 java.base@17.0.17/java.lang.Thread.run(Thread.java:840)
2026-01-21 16:58:41.135 [Thread-5] INFO  com.zaxxer.hikari.HikariDataSource - StudentSystemHikariCP - Shutdown initiated...
2026-01-21 16:58:41.139 [Thread-5] INFO  com.zaxxer.hikari.HikariDataSource - StudentSystemHikariCP - Shutdown completed.
2026-01-21 16:58:41.202 [restartedMain] INFO  com.student.system.StudentSystemApplication - Starting StudentSystemApplication using Java 17.0.17 with PID 67893 (/Users/jay/Desktop/project/backend/target/classes started by jay in /Users/jay/Desktop/project/backend)
2026-01-21 16:58:41.202 [restartedMain] DEBUG com.student.system.StudentSystemApplication - Running with Spring Boot v3.1.6, Spring v6.0.14
2026-01-21 16:58:41.202 [restartedMain] INFO  com.student.system.StudentSystemApplication - No active profile set, falling back to 1 default profile: "default"
2026-01-21 16:58:41.338 [restartedMain] INFO  o.s.d.r.config.RepositoryConfigurationDelegate - Multiple Spring Data modules found, entering strict repository configuration mode
2026-01-21 16:58:41.338 [restartedMain] INFO  o.s.d.r.config.RepositoryConfigurationDelegate - Bootstrapping Spring Data Redis repositories in DEFAULT mode.
2026-01-21 16:58:41.340 [restartedMain] INFO  o.s.d.r.config.RepositoryConfigurationDelegate - Finished Spring Data repository scanning in 2 ms. Found 0 Redis repository interfaces.
2026-01-21 16:58:41.443 [restartedMain] INFO  o.s.boot.web.embedded.tomcat.TomcatWebServer - Tomcat initialized with port(s): 8088 (http)
2026-01-21 16:58:41.443 [restartedMain] INFO  org.apache.catalina.core.StandardService - Starting service [Tomcat]
2026-01-21 16:58:41.443 [restartedMain] INFO  org.apache.catalina.core.StandardEngine - Starting Servlet engine: [Apache Tomcat/10.1.16]
2026-01-21 16:58:41.447 [restartedMain] INFO  o.a.c.c.ContainerBase.[Tomcat].[localhost].[/api] - Initializing Spring embedded WebApplicationContext
2026-01-21 16:58:41.448 [restartedMain] INFO  o.s.b.w.s.c.ServletWebServerApplicationContext - Root WebApplicationContext: initialization completed in 245 ms
2026-01-21 16:58:41.562 [restartedMain] DEBUG c.student.system.security.JwtAuthenticationFilter - Filter 'jwtAuthenticationFilter' configured for use
2026-01-21 16:58:41.746 [restartedMain] INFO  o.s.b.actuate.endpoint.web.EndpointLinksResolver - Exposing 4 endpoint(s) beneath base path '/actuator'
2026-01-21 16:58:41.798 [restartedMain] INFO  o.s.security.web.DefaultSecurityFilterChain - Will secure any request with [org.springframework.security.web.session.DisableEncodeUrlFilter@6997cf90, org.springframework.security.web.context.request.async.WebAsyncManagerIntegrationFilter@54fce1f5, org.springframework.security.web.context.SecurityContextHolderFilter@1662e7d4, org.springframework.security.web.header.HeaderWriterFilter@8551550, org.springframework.security.web.authentication.logout.LogoutFilter@667b75b2, com.student.system.security.JwtAuthenticationFilter@481f93c0, org.springframework.security.web.savedrequest.RequestCacheAwareFilter@5a4e42a6, org.springframework.security.web.servletapi.SecurityContextHolderAwareRequestFilter@7a11232a, org.springframework.security.web.authentication.AnonymousAuthenticationFilter@587d7edb, org.springframework.security.web.session.SessionManagementFilter@5cc82c59, org.springframework.security.web.access.ExceptionTranslationFilter@341f1fe9, org.springframework.security.web.access.intercept.AuthorizationFilter@3d732231]
2026-01-21 16:58:41.976 [restartedMain] INFO  o.s.b.d.autoconfigure.OptionalLiveReloadServer - LiveReload server is running on port 35729
2026-01-21 16:58:42.001 [restartedMain] INFO  o.s.boot.web.embedded.tomcat.TomcatWebServer - Tomcat started on port(s): 8088 (http) with context path '/api'
2026-01-21 16:58:42.007 [restartedMain] INFO  com.student.system.StudentSystemApplication - Started StudentSystemApplication in 0.82 seconds (process running for 62.516)
2026-01-21 16:58:42.009 [restartedMain] INFO  o.s.b.d.a.ConditionEvaluationDeltaLoggingListener - Condition evaluation unchanged
2026-01-21 16:58:44.403 [File Watcher] INFO  o.s.b.d.a.LocalDevToolsAutoConfiguration$RestartingClassPathChangeChangedEventListener - Restarting due to 1 class path change (0 additions, 0 deletions, 1 modification)
2026-01-21 16:58:45.408 [Thread-7] WARN  org.apache.tomcat.util.net.NioEndpoint - Failed to unlock acceptor for [http-nio-8088] because the local address was not available
2026-01-21 16:58:45.408 [Thread-7] INFO  org.apache.catalina.core.StandardService - Stopping service [Tomcat]
2026-01-21 16:58:45.408 [http-nio-8088-Acceptor] ERROR org.apache.tomcat.util.net.Acceptor - Socket accept failed
java.nio.channels.AsynchronousCloseException: null
	at java.base/java.nio.channels.spi.AbstractInterruptibleChannel.end(AbstractInterruptibleChannel.java:202) ~[na:na]
	at java.base/sun.nio.ch.ServerSocketChannelImpl.end(ServerSocketChannelImpl.java:376) ~[na:na]
	at java.base/sun.nio.ch.ServerSocketChannelImpl.accept(ServerSocketChannelImpl.java:399) ~[na:na]
	at org.apache.tomcat.util.net.NioEndpoint.serverSocketAccept(NioEndpoint.java:521) ~[tomcat-embed-core-10.1.16.jar:10.1.16]
	at org.apache.tomcat.util.net.NioEndpoint.serverSocketAccept(NioEndpoint.java:79) ~[tomcat-embed-core-10.1.16.jar:10.1.16]
	at org.apache.tomcat.util.net.Acceptor.run(Acceptor.java:128) ~[tomcat-embed-core-10.1.16.jar:10.1.16]
	at java.base/java.lang.Thread.run(Thread.java:840) ~[na:na]
2026-01-21 16:58:45.409 [Thread-7] WARN  org.apache.catalina.loader.WebappClassLoaderBase - The web application [api] appears to have started a thread named [lettuce-timer-5-1] but has failed to stop it. This is very likely to create a memory leak. Stack trace of thread:
 java.base@17.0.17/java.lang.Thread.sleep(Native Method)
 app//io.netty.util.HashedWheelTimer$Worker.waitForNextTick(HashedWheelTimer.java:600)
 app//io.netty.util.HashedWheelTimer$Worker.run(HashedWheelTimer.java:496)
 app//io.netty.util.concurrent.FastThreadLocalRunnable.run(FastThreadLocalRunnable.java:30)
 java.base@17.0.17/java.lang.Thread.run(Thread.java:840)
2026-01-21 16:58:45.463 [restartedMain] INFO  com.student.system.StudentSystemApplication - Starting StudentSystemApplication using Java 17.0.17 with PID 67893 (/Users/jay/Desktop/project/backend/target/classes started by jay in /Users/jay/Desktop/project/backend)
2026-01-21 16:58:45.463 [restartedMain] DEBUG com.student.system.StudentSystemApplication - Running with Spring Boot v3.1.6, Spring v6.0.14
2026-01-21 16:58:45.463 [restartedMain] INFO  com.student.system.StudentSystemApplication - No active profile set, falling back to 1 default profile: "default"
2026-01-21 16:58:45.575 [restartedMain] INFO  o.s.d.r.config.RepositoryConfigurationDelegate - Multiple Spring Data modules found, entering strict repository configuration mode
2026-01-21 16:58:45.575 [restartedMain] INFO  o.s.d.r.config.RepositoryConfigurationDelegate - Bootstrapping Spring Data Redis repositories in DEFAULT mode.
2026-01-21 16:58:45.577 [restartedMain] INFO  o.s.d.r.config.RepositoryConfigurationDelegate - Finished Spring Data repository scanning in 1 ms. Found 0 Redis repository interfaces.
2026-01-21 16:58:45.671 [restartedMain] INFO  o.s.boot.web.embedded.tomcat.TomcatWebServer - Tomcat initialized with port(s): 8088 (http)
2026-01-21 16:58:45.671 [restartedMain] INFO  org.apache.catalina.core.StandardService - Starting service [Tomcat]
2026-01-21 16:58:45.671 [restartedMain] INFO  org.apache.catalina.core.StandardEngine - Starting Servlet engine: [Apache Tomcat/10.1.16]
2026-01-21 16:58:45.675 [restartedMain] INFO  o.a.c.c.ContainerBase.[Tomcat].[localhost].[/api] - Initializing Spring embedded WebApplicationContext
2026-01-21 16:58:45.675 [restartedMain] INFO  o.s.b.w.s.c.ServletWebServerApplicationContext - Root WebApplicationContext: initialization completed in 211 ms
2026-01-21 16:58:45.784 [restartedMain] DEBUG c.student.system.security.JwtAuthenticationFilter - Filter 'jwtAuthenticationFilter' configured for use
2026-01-21 16:58:45.953 [restartedMain] INFO  o.s.b.actuate.endpoint.web.EndpointLinksResolver - Exposing 4 endpoint(s) beneath base path '/actuator'
2026-01-21 16:58:46.007 [restartedMain] INFO  o.s.security.web.DefaultSecurityFilterChain - Will secure any request with [org.springframework.security.web.session.DisableEncodeUrlFilter@7e27ee57, org.springframework.security.web.context.request.async.WebAsyncManagerIntegrationFilter@24d3fe37, org.springframework.security.web.context.SecurityContextHolderFilter@3bde2e6f, org.springframework.security.web.header.HeaderWriterFilter@5fc77f07, org.springframework.security.web.authentication.logout.LogoutFilter@6ee68905, com.student.system.security.JwtAuthenticationFilter@19ea4952, org.springframework.security.web.savedrequest.RequestCacheAwareFilter@7c52a506, org.springframework.security.web.servletapi.SecurityContextHolderAwareRequestFilter@1889c2cc, org.springframework.security.web.authentication.AnonymousAuthenticationFilter@8d07edc, org.springframework.security.web.session.SessionManagementFilter@44af0362, org.springframework.security.web.access.ExceptionTranslationFilter@6c356fd5, org.springframework.security.web.access.intercept.AuthorizationFilter@513c56da]
2026-01-21 16:58:46.237 [restartedMain] INFO  o.s.b.d.autoconfigure.OptionalLiveReloadServer - LiveReload server is running on port 35729
2026-01-21 16:58:46.285 [restartedMain] INFO  o.s.boot.web.embedded.tomcat.TomcatWebServer - Tomcat started on port(s): 8088 (http) with context path '/api'
2026-01-21 16:58:46.291 [restartedMain] INFO  com.student.system.StudentSystemApplication - Started StudentSystemApplication in 0.846 seconds (process running for 66.8)
2026-01-21 16:58:46.293 [restartedMain] INFO  o.s.b.d.a.ConditionEvaluationDeltaLoggingListener - Condition evaluation unchanged
2026-01-21 16:58:47.647 [File Watcher] INFO  o.s.b.d.a.LocalDevToolsAutoConfiguration$RestartingClassPathChangeChangedEventListener - Restarting due to 1 class path change (0 additions, 0 deletions, 1 modification)
2026-01-21 16:58:48.651 [Thread-11] WARN  org.apache.tomcat.util.net.NioEndpoint - Failed to unlock acceptor for [http-nio-8088] because the local address was not available
2026-01-21 16:58:48.651 [http-nio-8088-Acceptor] ERROR org.apache.tomcat.util.net.Acceptor - Socket accept failed
java.nio.channels.AsynchronousCloseException: null
	at java.base/java.nio.channels.spi.AbstractInterruptibleChannel.end(AbstractInterruptibleChannel.java:202) ~[na:na]
	at java.base/sun.nio.ch.ServerSocketChannelImpl.end(ServerSocketChannelImpl.java:376) ~[na:na]
	at java.base/sun.nio.ch.ServerSocketChannelImpl.accept(ServerSocketChannelImpl.java:399) ~[na:na]
	at org.apache.tomcat.util.net.NioEndpoint.serverSocketAccept(NioEndpoint.java:521) ~[tomcat-embed-core-10.1.16.jar:10.1.16]
	at org.apache.tomcat.util.net.NioEndpoint.serverSocketAccept(NioEndpoint.java:79) ~[tomcat-embed-core-10.1.16.jar:10.1.16]
	at org.apache.tomcat.util.net.Acceptor.run(Acceptor.java:128) ~[tomcat-embed-core-10.1.16.jar:10.1.16]
	at java.base/java.lang.Thread.run(Thread.java:840) ~[na:na]
2026-01-21 16:58:48.652 [Thread-11] INFO  org.apache.catalina.core.StandardService - Stopping service [Tomcat]
2026-01-21 16:58:48.654 [Thread-11] WARN  org.apache.catalina.loader.WebappClassLoaderBase - The web application [api] appears to have started a thread named [lettuce-timer-7-1] but has failed to stop it. This is very likely to create a memory leak. Stack trace of thread:
 java.base@17.0.17/java.lang.Thread.sleep(Native Method)
 app//io.netty.util.HashedWheelTimer$Worker.waitForNextTick(HashedWheelTimer.java:600)
 app//io.netty.util.HashedWheelTimer$Worker.run(HashedWheelTimer.java:496)
 app//io.netty.util.concurrent.FastThreadLocalRunnable.run(FastThreadLocalRunnable.java:30)
 java.base@17.0.17/java.lang.Thread.run(Thread.java:840)
2026-01-21 16:58:48.705 [restartedMain] INFO  com.student.system.StudentSystemApplication - Starting StudentSystemApplication using Java 17.0.17 with PID 67893 (/Users/jay/Desktop/project/backend/target/classes started by jay in /Users/jay/Desktop/project/backend)
2026-01-21 16:58:48.705 [restartedMain] DEBUG com.student.system.StudentSystemApplication - Running with Spring Boot v3.1.6, Spring v6.0.14
2026-01-21 16:58:48.705 [restartedMain] INFO  com.student.system.StudentSystemApplication - No active profile set, falling back to 1 default profile: "default"
2026-01-21 16:58:48.819 [restartedMain] INFO  o.s.d.r.config.RepositoryConfigurationDelegate - Multiple Spring Data modules found, entering strict repository configuration mode
2026-01-21 16:58:48.819 [restartedMain] INFO  o.s.d.r.config.RepositoryConfigurationDelegate - Bootstrapping Spring Data Redis repositories in DEFAULT mode.
2026-01-21 16:58:48.821 [restartedMain] INFO  o.s.d.r.config.RepositoryConfigurationDelegate - Finished Spring Data repository scanning in 1 ms. Found 0 Redis repository interfaces.
2026-01-21 16:58:48.915 [restartedMain] INFO  o.s.boot.web.embedded.tomcat.TomcatWebServer - Tomcat initialized with port(s): 8088 (http)
2026-01-21 16:58:48.915 [restartedMain] INFO  org.apache.catalina.core.StandardService - Starting service [Tomcat]
2026-01-21 16:58:48.915 [restartedMain] INFO  org.apache.catalina.core.StandardEngine - Starting Servlet engine: [Apache Tomcat/10.1.16]
2026-01-21 16:58:48.919 [restartedMain] INFO  o.a.c.c.ContainerBase.[Tomcat].[localhost].[/api] - Initializing Spring embedded WebApplicationContext
2026-01-21 16:58:48.919 [restartedMain] INFO  o.s.b.w.s.c.ServletWebServerApplicationContext - Root WebApplicationContext: initialization completed in 213 ms
2026-01-21 16:58:49.027 [restartedMain] DEBUG c.student.system.security.JwtAuthenticationFilter - Filter 'jwtAuthenticationFilter' configured for use
2026-01-21 16:58:49.197 [restartedMain] INFO  o.s.b.actuate.endpoint.web.EndpointLinksResolver - Exposing 4 endpoint(s) beneath base path '/actuator'
2026-01-21 16:58:49.247 [restartedMain] INFO  o.s.security.web.DefaultSecurityFilterChain - Will secure any request with [org.springframework.security.web.session.DisableEncodeUrlFilter@18d347b8, org.springframework.security.web.context.request.async.WebAsyncManagerIntegrationFilter@5f45af62, org.springframework.security.web.context.SecurityContextHolderFilter@420bdd3e, org.springframework.security.web.header.HeaderWriterFilter@3e516d4b, org.springframework.security.web.authentication.logout.LogoutFilter@7086eafa, com.student.system.security.JwtAuthenticationFilter@1850e103, org.springframework.security.web.savedrequest.RequestCacheAwareFilter@7be86493, org.springframework.security.web.servletapi.SecurityContextHolderAwareRequestFilter@4ee66590, org.springframework.security.web.authentication.AnonymousAuthenticationFilter@14d8ef3, org.springframework.security.web.session.SessionManagementFilter@717a78d2, org.springframework.security.web.access.ExceptionTranslationFilter@2b424317, org.springframework.security.web.access.intercept.AuthorizationFilter@35c5f2fe]
2026-01-21 16:58:49.421 [restartedMain] INFO  o.s.b.d.autoconfigure.OptionalLiveReloadServer - LiveReload server is running on port 35729
2026-01-21 16:58:49.442 [restartedMain] INFO  o.s.boot.web.embedded.tomcat.TomcatWebServer - Tomcat started on port(s): 8088 (http) with context path '/api'
2026-01-21 16:58:49.447 [restartedMain] INFO  com.student.system.StudentSystemApplication - Started StudentSystemApplication in 0.753 seconds (process running for 69.956)
2026-01-21 16:58:49.448 [restartedMain] INFO  o.s.b.d.a.ConditionEvaluationDeltaLoggingListener - Condition evaluation unchanged
2026-01-21 16:58:59.560 [restartedMain] INFO  com.student.system.StudentSystemApplication - Starting StudentSystemApplication using Java 17.0.17 with PID 68887 (/Users/jay/Desktop/project/backend/target/classes started by jay in /Users/jay/Desktop/project/backend)
2026-01-21 16:58:59.561 [restartedMain] DEBUG com.student.system.StudentSystemApplication - Running with Spring Boot v3.1.6, Spring v6.0.14
2026-01-21 16:58:59.561 [restartedMain] INFO  com.student.system.StudentSystemApplication - No active profile set, falling back to 1 default profile: "default"
2026-01-21 16:58:59.584 [restartedMain] INFO  o.s.b.d.env.DevToolsPropertyDefaultsPostProcessor - Devtools property defaults active! Set 'spring.devtools.add-properties' to 'false' to disable
2026-01-21 16:58:59.585 [restartedMain] INFO  o.s.b.d.env.DevToolsPropertyDefaultsPostProcessor - For additional web related logging consider setting the 'logging.level.web' property to 'DEBUG'
2026-01-21 16:59:00.049 [restartedMain] INFO  o.s.d.r.config.RepositoryConfigurationDelegate - Multiple Spring Data modules found, entering strict repository configuration mode
2026-01-21 16:59:00.051 [restartedMain] INFO  o.s.d.r.config.RepositoryConfigurationDelegate - Bootstrapping Spring Data Redis repositories in DEFAULT mode.
2026-01-21 16:59:00.062 [restartedMain] INFO  o.s.d.r.config.RepositoryConfigurationDelegate - Finished Spring Data repository scanning in 5 ms. Found 0 Redis repository interfaces.
2026-01-21 16:59:00.501 [restartedMain] INFO  o.s.boot.web.embedded.tomcat.TomcatWebServer - Tomcat initialized with port(s): 8088 (http)
2026-01-21 16:59:00.506 [restartedMain] INFO  org.apache.catalina.core.StandardService - Starting service [Tomcat]
2026-01-21 16:59:00.506 [restartedMain] INFO  org.apache.catalina.core.StandardEngine - Starting Servlet engine: [Apache Tomcat/10.1.16]
2026-01-21 16:59:00.538 [restartedMain] INFO  o.a.c.c.ContainerBase.[Tomcat].[localhost].[/api] - Initializing Spring embedded WebApplicationContext
2026-01-21 16:59:00.538 [restartedMain] INFO  o.s.b.w.s.c.ServletWebServerApplicationContext - Root WebApplicationContext: initialization completed in 953 ms
2026-01-21 16:59:00.938 [restartedMain] DEBUG c.student.system.security.JwtAuthenticationFilter - Filter 'jwtAuthenticationFilter' configured for use
2026-01-21 16:59:01.248 [restartedMain] INFO  o.s.b.actuate.endpoint.web.EndpointLinksResolver - Exposing 4 endpoint(s) beneath base path '/actuator'
2026-01-21 16:59:01.314 [restartedMain] INFO  o.s.security.web.DefaultSecurityFilterChain - Will secure any request with [org.springframework.security.web.session.DisableEncodeUrlFilter@4f6a243, org.springframework.security.web.context.request.async.WebAsyncManagerIntegrationFilter@760b295c, org.springframework.security.web.context.SecurityContextHolderFilter@37f2df88, org.springframework.security.web.header.HeaderWriterFilter@1da9fa48, org.springframework.security.web.authentication.logout.LogoutFilter@552c723, com.student.system.security.JwtAuthenticationFilter@783e5ed0, org.springframework.security.web.savedrequest.RequestCacheAwareFilter@518a1a97, org.springframework.security.web.servletapi.SecurityContextHolderAwareRequestFilter@62f0a107, org.springframework.security.web.authentication.AnonymousAuthenticationFilter@3f2e531c, org.springframework.security.web.session.SessionManagementFilter@4d239229, org.springframework.security.web.access.ExceptionTranslationFilter@6fa2a061, org.springframework.security.web.access.intercept.AuthorizationFilter@f6fac05]
2026-01-21 16:59:01.629 [restartedMain] INFO  o.s.b.d.autoconfigure.OptionalLiveReloadServer - LiveReload server is running on port 35729
2026-01-21 16:59:01.687 [restartedMain] INFO  o.s.boot.web.embedded.tomcat.TomcatWebServer - Tomcat started on port(s): 8088 (http) with context path '/api'
2026-01-21 16:59:01.697 [restartedMain] INFO  com.student.system.StudentSystemApplication - Started StudentSystemApplication in 2.334 seconds (process running for 2.52)
2026-01-21 16:59:06.959 [http-nio-8088-exec-1] INFO  o.a.c.c.ContainerBase.[Tomcat].[localhost].[/api] - Initializing Spring DispatcherServlet 'dispatcherServlet'
2026-01-21 16:59:06.959 [http-nio-8088-exec-1] INFO  org.springframework.web.servlet.DispatcherServlet - Initializing Servlet 'dispatcherServlet'
2026-01-21 16:59:06.961 [http-nio-8088-exec-1] INFO  org.springframework.web.servlet.DispatcherServlet - Completed initialization in 2 ms
2026-01-21 16:59:06.978 [http-nio-8088-exec-1] WARN  o.s.web.servlet.handler.HandlerMappingIntrospector - Cache miss for REQUEST dispatch to '/api/auth/login' (previous null). Performing MatchableHandlerMapping lookup. This is logged once only at WARN level, and every time at TRACE.
2026-01-21 17:00:06.729 [File Watcher] INFO  o.s.b.d.a.LocalDevToolsAutoConfiguration$RestartingClassPathChangeChangedEventListener - Restarting due to 1 class path change (0 additions, 0 deletions, 1 modification)
2026-01-21 17:00:07.389 [Thread-5] INFO  org.apache.catalina.core.StandardService - Stopping service [Tomcat]
2026-01-21 17:00:07.392 [Thread-5] INFO  o.a.c.c.ContainerBase.[Tomcat].[localhost].[/api] - Destroying Spring FrameworkServlet 'dispatcherServlet'
2026-01-21 17:00:07.400 [Thread-5] WARN  org.apache.catalina.loader.WebappClassLoaderBase - The web application [api] appears to have started a thread named [lettuce-timer-3-1] but has failed to stop it. This is very likely to create a memory leak. Stack trace of thread:
 java.base@17.0.17/java.lang.Thread.sleep(Native Method)
 app//io.netty.util.HashedWheelTimer$Worker.waitForNextTick(HashedWheelTimer.java:600)
 app//io.netty.util.HashedWheelTimer$Worker.run(HashedWheelTimer.java:496)
 app//io.netty.util.concurrent.FastThreadLocalRunnable.run(FastThreadLocalRunnable.java:30)
 java.base@17.0.17/java.lang.Thread.run(Thread.java:840)
2026-01-21 17:00:07.485 [restartedMain] INFO  com.student.system.StudentSystemApplication - Starting StudentSystemApplication using Java 17.0.17 with PID 68887 (/Users/jay/Desktop/project/backend/target/classes started by jay in /Users/jay/Desktop/project/backend)
2026-01-21 17:00:07.485 [restartedMain] DEBUG com.student.system.StudentSystemApplication - Running with Spring Boot v3.1.6, Spring v6.0.14
2026-01-21 17:00:07.485 [restartedMain] INFO  com.student.system.StudentSystemApplication - No active profile set, falling back to 1 default profile: "default"
2026-01-21 17:00:07.623 [restartedMain] INFO  o.s.d.r.config.RepositoryConfigurationDelegate - Multiple Spring Data modules found, entering strict repository configuration mode
2026-01-21 17:00:07.623 [restartedMain] INFO  o.s.d.r.config.RepositoryConfigurationDelegate - Bootstrapping Spring Data Redis repositories in DEFAULT mode.
2026-01-21 17:00:07.626 [restartedMain] INFO  o.s.d.r.config.RepositoryConfigurationDelegate - Finished Spring Data repository scanning in 2 ms. Found 0 Redis repository interfaces.
2026-01-21 17:00:07.723 [restartedMain] INFO  o.s.boot.web.embedded.tomcat.TomcatWebServer - Tomcat initialized with port(s): 8088 (http)
2026-01-21 17:00:07.723 [restartedMain] INFO  org.apache.catalina.core.StandardService - Starting service [Tomcat]
2026-01-21 17:00:07.723 [restartedMain] INFO  org.apache.catalina.core.StandardEngine - Starting Servlet engine: [Apache Tomcat/10.1.16]
2026-01-21 17:00:07.728 [restartedMain] INFO  o.a.c.c.ContainerBase.[Tomcat].[localhost].[/api] - Initializing Spring embedded WebApplicationContext
2026-01-21 17:00:07.728 [restartedMain] INFO  o.s.b.w.s.c.ServletWebServerApplicationContext - Root WebApplicationContext: initialization completed in 242 ms
2026-01-21 17:00:07.844 [restartedMain] DEBUG c.student.system.security.JwtAuthenticationFilter - Filter 'jwtAuthenticationFilter' configured for use
2026-01-21 17:00:08.066 [restartedMain] INFO  o.s.b.actuate.endpoint.web.EndpointLinksResolver - Exposing 4 endpoint(s) beneath base path '/actuator'
2026-01-21 17:00:08.117 [restartedMain] INFO  o.s.security.web.DefaultSecurityFilterChain - Will secure any request with [org.springframework.security.web.session.DisableEncodeUrlFilter@38267da2, org.springframework.security.web.context.request.async.WebAsyncManagerIntegrationFilter@16a11251, org.springframework.security.web.context.SecurityContextHolderFilter@4f26b072, org.springframework.security.web.header.HeaderWriterFilter@706a45ed, org.springframework.security.web.authentication.logout.LogoutFilter@9a4f1b6, com.student.system.security.JwtAuthenticationFilter@12af0508, org.springframework.security.web.savedrequest.RequestCacheAwareFilter@3d77f6cf, org.springframework.security.web.servletapi.SecurityContextHolderAwareRequestFilter@1f1099a1, org.springframework.security.web.authentication.AnonymousAuthenticationFilter@200e2ef1, org.springframework.security.web.session.SessionManagementFilter@387a9fbf, org.springframework.security.web.access.ExceptionTranslationFilter@4406d4a5, org.springframework.security.web.access.intercept.AuthorizationFilter@10a1e28f]
2026-01-21 17:00:08.294 [restartedMain] INFO  o.s.b.d.autoconfigure.OptionalLiveReloadServer - LiveReload server is running on port 35729
2026-01-21 17:00:08.316 [restartedMain] INFO  o.s.boot.web.embedded.tomcat.TomcatWebServer - Tomcat started on port(s): 8088 (http) with context path '/api'
2026-01-21 17:00:08.322 [restartedMain] INFO  com.student.system.StudentSystemApplication - Started StudentSystemApplication in 0.855 seconds (process running for 69.145)
2026-01-21 17:00:08.324 [restartedMain] INFO  o.s.b.d.a.ConditionEvaluationDeltaLoggingListener - Condition evaluation unchanged
2026-01-21 17:00:10.718 [File Watcher] INFO  o.s.b.d.a.LocalDevToolsAutoConfiguration$RestartingClassPathChangeChangedEventListener - Restarting due to 1 class path change (0 additions, 0 deletions, 1 modification)
2026-01-21 17:00:11.471 [Thread-7] INFO  org.apache.catalina.core.StandardService - Stopping service [Tomcat]
2026-01-21 17:00:11.474 [Thread-7] WARN  org.apache.catalina.loader.WebappClassLoaderBase - The web application [api] appears to have started a thread named [lettuce-timer-5-1] but has failed to stop it. This is very likely to create a memory leak. Stack trace of thread:
 java.base@17.0.17/java.lang.Thread.sleep(Native Method)
 app//io.netty.util.HashedWheelTimer$Worker.waitForNextTick(HashedWheelTimer.java:600)
 app//io.netty.util.HashedWheelTimer$Worker.run(HashedWheelTimer.java:496)
 app//io.netty.util.concurrent.FastThreadLocalRunnable.run(FastThreadLocalRunnable.java:30)
 java.base@17.0.17/java.lang.Thread.run(Thread.java:840)
2026-01-21 17:00:11.526 [restartedMain] INFO  com.student.system.StudentSystemApplication - Starting StudentSystemApplication using Java 17.0.17 with PID 68887 (/Users/jay/Desktop/project/backend/target/classes started by jay in /Users/jay/Desktop/project/backend)
2026-01-21 17:00:11.527 [restartedMain] DEBUG com.student.system.StudentSystemApplication - Running with Spring Boot v3.1.6, Spring v6.0.14
2026-01-21 17:00:11.527 [restartedMain] INFO  com.student.system.StudentSystemApplication - No active profile set, falling back to 1 default profile: "default"
2026-01-21 17:00:11.630 [restartedMain] INFO  o.s.d.r.config.RepositoryConfigurationDelegate - Multiple Spring Data modules found, entering strict repository configuration mode
2026-01-21 17:00:11.630 [restartedMain] INFO  o.s.d.r.config.RepositoryConfigurationDelegate - Bootstrapping Spring Data Redis repositories in DEFAULT mode.
2026-01-21 17:00:11.633 [restartedMain] INFO  o.s.d.r.config.RepositoryConfigurationDelegate - Finished Spring Data repository scanning in 2 ms. Found 0 Redis repository interfaces.
2026-01-21 17:00:11.724 [restartedMain] INFO  o.s.boot.web.embedded.tomcat.TomcatWebServer - Tomcat initialized with port(s): 8088 (http)
2026-01-21 17:00:11.724 [restartedMain] INFO  org.apache.catalina.core.StandardService - Starting service [Tomcat]
2026-01-21 17:00:11.724 [restartedMain] INFO  org.apache.catalina.core.StandardEngine - Starting Servlet engine: [Apache Tomcat/10.1.16]
2026-01-21 17:00:11.728 [restartedMain] INFO  o.a.c.c.ContainerBase.[Tomcat].[localhost].[/api] - Initializing Spring embedded WebApplicationContext
2026-01-21 17:00:11.728 [restartedMain] INFO  o.s.b.w.s.c.ServletWebServerApplicationContext - Root WebApplicationContext: initialization completed in 201 ms
2026-01-21 17:00:11.852 [restartedMain] DEBUG c.student.system.security.JwtAuthenticationFilter - Filter 'jwtAuthenticationFilter' configured for use
2026-01-21 17:00:12.057 [restartedMain] INFO  o.s.b.actuate.endpoint.web.EndpointLinksResolver - Exposing 4 endpoint(s) beneath base path '/actuator'
2026-01-21 17:00:12.110 [restartedMain] INFO  o.s.security.web.DefaultSecurityFilterChain - Will secure any request with [org.springframework.security.web.session.DisableEncodeUrlFilter@38fb7232, org.springframework.security.web.context.request.async.WebAsyncManagerIntegrationFilter@45a29da0, org.springframework.security.web.context.SecurityContextHolderFilter@31f77776, org.springframework.security.web.header.HeaderWriterFilter@59278180, org.springframework.security.web.authentication.logout.LogoutFilter@6b02d4d1, com.student.system.security.JwtAuthenticationFilter@257dfdd, org.springframework.security.web.savedrequest.RequestCacheAwareFilter@6a3ad512, org.springframework.security.web.servletapi.SecurityContextHolderAwareRequestFilter@f746254, org.springframework.security.web.authentication.AnonymousAuthenticationFilter@724ee0dc, org.springframework.security.web.session.SessionManagementFilter@3aaa9e9c, org.springframework.security.web.access.ExceptionTranslationFilter@5481f2e8, org.springframework.security.web.access.intercept.AuthorizationFilter@7be6a085]
2026-01-21 17:00:12.297 [restartedMain] INFO  o.s.b.d.autoconfigure.OptionalLiveReloadServer - LiveReload server is running on port 35729
2026-01-21 17:00:12.320 [restartedMain] INFO  o.s.boot.web.embedded.tomcat.TomcatWebServer - Tomcat started on port(s): 8088 (http) with context path '/api'
2026-01-21 17:00:12.325 [restartedMain] INFO  com.student.system.StudentSystemApplication - Started StudentSystemApplication in 0.81 seconds (process running for 73.148)
2026-01-21 17:00:12.326 [restartedMain] INFO  o.s.b.d.a.ConditionEvaluationDeltaLoggingListener - Condition evaluation unchanged
2026-01-21 17:00:13.720 [File Watcher] INFO  o.s.b.d.a.LocalDevToolsAutoConfiguration$RestartingClassPathChangeChangedEventListener - Restarting due to 1 class path change (0 additions, 0 deletions, 1 modification)
2026-01-21 17:00:14.730 [Thread-11] WARN  org.apache.tomcat.util.net.NioEndpoint - Failed to unlock acceptor for [http-nio-8088] because the local address was not available
2026-01-21 17:00:14.730 [Thread-11] INFO  org.apache.catalina.core.StandardService - Stopping service [Tomcat]
2026-01-21 17:00:14.733 [Thread-11] WARN  org.apache.catalina.loader.WebappClassLoaderBase - The web application [api] appears to have started a thread named [lettuce-timer-7-1] but has failed to stop it. This is very likely to create a memory leak. Stack trace of thread:
 java.base@17.0.17/java.lang.Thread.sleep(Native Method)
 app//io.netty.util.HashedWheelTimer$Worker.waitForNextTick(HashedWheelTimer.java:600)
 app//io.netty.util.HashedWheelTimer$Worker.run(HashedWheelTimer.java:496)
 app//io.netty.util.concurrent.FastThreadLocalRunnable.run(FastThreadLocalRunnable.java:30)
 java.base@17.0.17/java.lang.Thread.run(Thread.java:840)
2026-01-21 17:00:14.730 [http-nio-8088-Acceptor] ERROR org.apache.tomcat.util.net.Acceptor - Socket accept failed
java.nio.channels.AsynchronousCloseException: null
	at java.base/java.nio.channels.spi.AbstractInterruptibleChannel.end(AbstractInterruptibleChannel.java:202) ~[na:na]
	at java.base/sun.nio.ch.ServerSocketChannelImpl.end(ServerSocketChannelImpl.java:376) ~[na:na]
	at java.base/sun.nio.ch.ServerSocketChannelImpl.accept(ServerSocketChannelImpl.java:399) ~[na:na]
	at org.apache.tomcat.util.net.NioEndpoint.serverSocketAccept(NioEndpoint.java:521) ~[tomcat-embed-core-10.1.16.jar:10.1.16]
	at org.apache.tomcat.util.net.NioEndpoint.serverSocketAccept(NioEndpoint.java:79) ~[tomcat-embed-core-10.1.16.jar:10.1.16]
	at org.apache.tomcat.util.net.Acceptor.run(Acceptor.java:128) ~[tomcat-embed-core-10.1.16.jar:10.1.16]
	at java.base/java.lang.Thread.run(Thread.java:840) ~[na:na]
2026-01-21 17:00:14.784 [restartedMain] INFO  com.student.system.StudentSystemApplication - Starting StudentSystemApplication using Java 17.0.17 with PID 68887 (/Users/jay/Desktop/project/backend/target/classes started by jay in /Users/jay/Desktop/project/backend)
2026-01-21 17:00:14.784 [restartedMain] DEBUG com.student.system.StudentSystemApplication - Running with Spring Boot v3.1.6, Spring v6.0.14
2026-01-21 17:00:14.784 [restartedMain] INFO  com.student.system.StudentSystemApplication - No active profile set, falling back to 1 default profile: "default"
2026-01-21 17:00:14.901 [restartedMain] INFO  o.s.d.r.config.RepositoryConfigurationDelegate - Multiple Spring Data modules found, entering strict repository configuration mode
2026-01-21 17:00:14.902 [restartedMain] INFO  o.s.d.r.config.RepositoryConfigurationDelegate - Bootstrapping Spring Data Redis repositories in DEFAULT mode.
2026-01-21 17:00:14.903 [restartedMain] INFO  o.s.d.r.config.RepositoryConfigurationDelegate - Finished Spring Data repository scanning in 1 ms. Found 0 Redis repository interfaces.
2026-01-21 17:00:14.994 [restartedMain] INFO  o.s.boot.web.embedded.tomcat.TomcatWebServer - Tomcat initialized with port(s): 8088 (http)
2026-01-21 17:00:14.994 [restartedMain] INFO  org.apache.catalina.core.StandardService - Starting service [Tomcat]
2026-01-21 17:00:14.994 [restartedMain] INFO  org.apache.catalina.core.StandardEngine - Starting Servlet engine: [Apache Tomcat/10.1.16]
2026-01-21 17:00:14.998 [restartedMain] INFO  o.a.c.c.ContainerBase.[Tomcat].[localhost].[/api] - Initializing Spring embedded WebApplicationContext
2026-01-21 17:00:14.998 [restartedMain] INFO  o.s.b.w.s.c.ServletWebServerApplicationContext - Root WebApplicationContext: initialization completed in 213 ms
2026-01-21 17:00:15.109 [restartedMain] DEBUG c.student.system.security.JwtAuthenticationFilter - Filter 'jwtAuthenticationFilter' configured for use
2026-01-21 17:00:15.278 [restartedMain] INFO  o.s.b.actuate.endpoint.web.EndpointLinksResolver - Exposing 4 endpoint(s) beneath base path '/actuator'
2026-01-21 17:00:15.330 [restartedMain] INFO  o.s.security.web.DefaultSecurityFilterChain - Will secure any request with [org.springframework.security.web.session.DisableEncodeUrlFilter@21087dfd, org.springframework.security.web.context.request.async.WebAsyncManagerIntegrationFilter@5f6985cc, org.springframework.security.web.context.SecurityContextHolderFilter@7298e0c9, org.springframework.security.web.header.HeaderWriterFilter@27ff02da, org.springframework.security.web.authentication.logout.LogoutFilter@5dc46b63, com.student.system.security.JwtAuthenticationFilter@5989aa0b, org.springframework.security.web.savedrequest.RequestCacheAwareFilter@317357ba, org.springframework.security.web.servletapi.SecurityContextHolderAwareRequestFilter@6e456a9c, org.springframework.security.web.authentication.AnonymousAuthenticationFilter@2078e9ce, org.springframework.security.web.session.SessionManagementFilter@36760b40, org.springframework.security.web.access.ExceptionTranslationFilter@4f619931, org.springframework.security.web.access.intercept.AuthorizationFilter@3375ac24]
2026-01-21 17:00:15.542 [restartedMain] INFO  o.s.b.d.autoconfigure.OptionalLiveReloadServer - LiveReload server is running on port 35729
2026-01-21 17:00:15.582 [restartedMain] INFO  o.s.boot.web.embedded.tomcat.TomcatWebServer - Tomcat started on port(s): 8088 (http) with context path '/api'
2026-01-21 17:00:15.588 [restartedMain] INFO  com.student.system.StudentSystemApplication - Started StudentSystemApplication in 0.816 seconds (process running for 76.411)
2026-01-21 17:00:15.589 [restartedMain] INFO  o.s.b.d.a.ConditionEvaluationDeltaLoggingListener - Condition evaluation unchanged
2026-01-21 19:40:25.103 [restartedMain] INFO  com.student.system.StudentSystemApplication - Starting StudentSystemApplication using Java 17.0.17 with PID 13771 (/Users/jay/Desktop/project/backend/target/classes started by jay in /Users/jay/Desktop/project/backend)
2026-01-21 19:40:25.105 [restartedMain] DEBUG com.student.system.StudentSystemApplication - Running with Spring Boot v3.1.6, Spring v6.0.14
2026-01-21 19:40:25.105 [restartedMain] INFO  com.student.system.StudentSystemApplication - No active profile set, falling back to 1 default profile: "default"
2026-01-21 19:40:25.129 [restartedMain] INFO  o.s.b.d.env.DevToolsPropertyDefaultsPostProcessor - Devtools property defaults active! Set 'spring.devtools.add-properties' to 'false' to disable
2026-01-21 19:40:25.129 [restartedMain] INFO  o.s.b.d.env.DevToolsPropertyDefaultsPostProcessor - For additional web related logging consider setting the 'logging.level.web' property to 'DEBUG'
2026-01-21 19:40:25.594 [restartedMain] INFO  o.s.d.r.config.RepositoryConfigurationDelegate - Multiple Spring Data modules found, entering strict repository configuration mode
2026-01-21 19:40:25.595 [restartedMain] INFO  o.s.d.r.config.RepositoryConfigurationDelegate - Bootstrapping Spring Data Redis repositories in DEFAULT mode.
2026-01-21 19:40:25.608 [restartedMain] INFO  o.s.d.r.config.RepositoryConfigurationDelegate - Finished Spring Data repository scanning in 6 ms. Found 0 Redis repository interfaces.
2026-01-21 19:40:26.047 [restartedMain] INFO  o.s.boot.web.embedded.tomcat.TomcatWebServer - Tomcat initialized with port(s): 8088 (http)
2026-01-21 19:40:26.052 [restartedMain] INFO  org.apache.catalina.core.StandardService - Starting service [Tomcat]
2026-01-21 19:40:26.052 [restartedMain] INFO  org.apache.catalina.core.StandardEngine - Starting Servlet engine: [Apache Tomcat/10.1.16]
2026-01-21 19:40:26.079 [restartedMain] INFO  o.a.c.c.ContainerBase.[Tomcat].[localhost].[/api] - Initializing Spring embedded WebApplicationContext
2026-01-21 19:40:26.079 [restartedMain] INFO  o.s.b.w.s.c.ServletWebServerApplicationContext - Root WebApplicationContext: initialization completed in 950 ms
2026-01-21 19:40:26.485 [restartedMain] DEBUG c.student.system.security.JwtAuthenticationFilter - Filter 'jwtAuthenticationFilter' configured for use
2026-01-21 19:40:26.797 [restartedMain] INFO  o.s.b.actuate.endpoint.web.EndpointLinksResolver - Exposing 4 endpoint(s) beneath base path '/actuator'
2026-01-21 19:40:26.862 [restartedMain] INFO  o.s.security.web.DefaultSecurityFilterChain - Will secure any request with [org.springframework.security.web.session.DisableEncodeUrlFilter@6a3eb114, org.springframework.security.web.context.request.async.WebAsyncManagerIntegrationFilter@10b68704, org.springframework.security.web.context.SecurityContextHolderFilter@a3b2aa1, org.springframework.security.web.header.HeaderWriterFilter@404f2c5a, org.springframework.security.web.authentication.logout.LogoutFilter@67ab1882, com.student.system.security.JwtAuthenticationFilter@76fd29b2, org.springframework.security.web.savedrequest.RequestCacheAwareFilter@7b7de93a, org.springframework.security.web.servletapi.SecurityContextHolderAwareRequestFilter@3f529d40, org.springframework.security.web.authentication.AnonymousAuthenticationFilter@4a1826cc, org.springframework.security.web.session.SessionManagementFilter@48c4115, org.springframework.security.web.access.ExceptionTranslationFilter@4ca9448, org.springframework.security.web.access.intercept.AuthorizationFilter@fbea98e]
2026-01-21 19:40:27.187 [restartedMain] INFO  o.s.b.d.autoconfigure.OptionalLiveReloadServer - LiveReload server is running on port 35729
2026-01-21 19:40:27.259 [restartedMain] INFO  o.s.boot.web.embedded.tomcat.TomcatWebServer - Tomcat started on port(s): 8088 (http) with context path '/api'
2026-01-21 19:40:27.269 [restartedMain] INFO  com.student.system.StudentSystemApplication - Started StudentSystemApplication in 2.359 seconds (process running for 2.547)
2026-01-21 19:40:32.373 [http-nio-8088-exec-1] INFO  o.a.c.c.ContainerBase.[Tomcat].[localhost].[/api] - Initializing Spring DispatcherServlet 'dispatcherServlet'
2026-01-21 19:40:32.373 [http-nio-8088-exec-1] INFO  org.springframework.web.servlet.DispatcherServlet - Initializing Servlet 'dispatcherServlet'
2026-01-21 19:40:32.376 [http-nio-8088-exec-1] INFO  org.springframework.web.servlet.DispatcherServlet - Completed initialization in 2 ms
2026-01-21 19:40:32.431 [http-nio-8088-exec-1] WARN  o.s.web.servlet.handler.HandlerMappingIntrospector - Cache miss for REQUEST dispatch to '/api/doc.html' (previous null). Performing MatchableHandlerMapping lookup. This is logged once only at WARN level, and every time at TRACE.
2026-01-21 19:40:43.088 [http-nio-8088-exec-2] INFO  com.student.system.controller.AuthController - 用户登录请求: admin
2026-01-21 19:40:43.144 [http-nio-8088-exec-2] INFO  com.zaxxer.hikari.HikariDataSource - StudentSystemHikariCP - Starting...
2026-01-21 19:40:43.244 [http-nio-8088-exec-2] INFO  com.zaxxer.hikari.pool.HikariPool - StudentSystemHikariCP - Added connection com.mysql.cj.jdbc.ConnectionImpl@3fab562d
2026-01-21 19:40:43.246 [http-nio-8088-exec-2] INFO  com.zaxxer.hikari.HikariDataSource - StudentSystemHikariCP - Start completed.
2026-01-21 19:40:43.251 [http-nio-8088-exec-2] DEBUG c.student.system.mapper.SysUserMapper.selectList - ==>  Preparing: SELECT id,username,password,nickname,email,phone,avatar,status,deleted,create_time,update_time FROM sys_user WHERE deleted=0 AND (username = ?)
2026-01-21 19:40:43.261 [http-nio-8088-exec-2] DEBUG c.student.system.mapper.SysUserMapper.selectList - ==> Parameters: admin(String)
2026-01-21 19:40:43.313 [http-nio-8088-exec-2] ERROR o.a.c.c.C.[.[localhost].[/api].[dispatcherServlet] - Servlet.service() for servlet [dispatcherServlet] in context with path [/api] threw exception [Request processing failed: org.springframework.jdbc.BadSqlGrammarException: 
### Error querying database.  Cause: java.sql.SQLSyntaxErrorException: Unknown column 'deleted' in 'field list'
### The error may exist in com/student/system/mapper/SysUserMapper.java (best guess)
### The error may involve defaultParameterMap
### The error occurred while setting parameters
### SQL: SELECT  id,username,password,nickname,email,phone,avatar,status,deleted,create_time,update_time  FROM sys_user  WHERE deleted=0     AND (username = ?)
### Cause: java.sql.SQLSyntaxErrorException: Unknown column 'deleted' in 'field list'
; bad SQL grammar []] with root cause
java.sql.SQLSyntaxErrorException: Unknown column 'deleted' in 'field list'
	at com.mysql.cj.jdbc.exceptions.SQLError.createSQLException(SQLError.java:121)
	at com.mysql.cj.jdbc.exceptions.SQLExceptionsMapping.translateException(SQLExceptionsMapping.java:122)
	at com.mysql.cj.jdbc.ClientPreparedStatement.executeInternal(ClientPreparedStatement.java:916)
	at com.mysql.cj.jdbc.ClientPreparedStatement.execute(ClientPreparedStatement.java:354)
	at com.zaxxer.hikari.pool.ProxyPreparedStatement.execute(ProxyPreparedStatement.java:44)
	at com.zaxxer.hikari.pool.HikariProxyPreparedStatement.execute(HikariProxyPreparedStatement.java)
	at java.base/jdk.internal.reflect.NativeMethodAccessorImpl.invoke0(Native Method)
	at java.base/jdk.internal.reflect.NativeMethodAccessorImpl.invoke(NativeMethodAccessorImpl.java:77)
	at java.base/jdk.internal.reflect.DelegatingMethodAccessorImpl.invoke(DelegatingMethodAccessorImpl.java:43)
	at java.base/java.lang.reflect.Method.invoke(Method.java:569)
	at org.apache.ibatis.logging.jdbc.PreparedStatementLogger.invoke(PreparedStatementLogger.java:58)
	at jdk.proxy4/jdk.proxy4.$Proxy127.execute(Unknown Source)
	at org.apache.ibatis.executor.statement.PreparedStatementHandler.query(PreparedStatementHandler.java:65)
	at org.apache.ibatis.executor.statement.RoutingStatementHandler.query(RoutingStatementHandler.java:80)
	at java.base/jdk.internal.reflect.NativeMethodAccessorImpl.invoke0(Native Method)
	at java.base/jdk.internal.reflect.NativeMethodAccessorImpl.invoke(NativeMethodAccessorImpl.java:77)
	at java.base/jdk.internal.reflect.DelegatingMethodAccessorImpl.invoke(DelegatingMethodAccessorImpl.java:43)
	at java.base/java.lang.reflect.Method.invoke(Method.java:569)
	at org.apache.ibatis.plugin.Plugin.invoke(Plugin.java:61)
	at jdk.proxy2/jdk.proxy2.$Proxy125.query(Unknown Source)
	at org.apache.ibatis.executor.SimpleExecutor.doQuery(SimpleExecutor.java:65)
	at org.apache.ibatis.executor.BaseExecutor.queryFromDatabase(BaseExecutor.java:336)
	at org.apache.ibatis.executor.BaseExecutor.query(BaseExecutor.java:158)
	at org.apache.ibatis.executor.CachingExecutor.query(CachingExecutor.java:110)
	at com.baomidou.mybatisplus.extension.plugins.MybatisPlusInterceptor.intercept(MybatisPlusInterceptor.java:81)
	at org.apache.ibatis.plugin.Plugin.invoke(Plugin.java:59)
	at jdk.proxy2/jdk.proxy2.$Proxy124.query(Unknown Source)
	at org.apache.ibatis.session.defaults.DefaultSqlSession.selectList(DefaultSqlSession.java:154)
	at org.apache.ibatis.session.defaults.DefaultSqlSession.selectList(DefaultSqlSession.java:147)
	at org.apache.ibatis.session.defaults.DefaultSqlSession.selectList(DefaultSqlSession.java:142)
	at java.base/jdk.internal.reflect.NativeMethodAccessorImpl.invoke0(Native Method)
	at java.base/jdk.internal.reflect.NativeMethodAccessorImpl.invoke(NativeMethodAccessorImpl.java:77)
	at java.base/jdk.internal.reflect.DelegatingMethodAccessorImpl.invoke(DelegatingMethodAccessorImpl.java:43)
	at java.base/java.lang.reflect.Method.invoke(Method.java:569)
	at org.mybatis.spring.SqlSessionTemplate$SqlSessionInterceptor.invoke(SqlSessionTemplate.java:425)
	at jdk.proxy2/jdk.proxy2.$Proxy102.selectList(Unknown Source)
	at org.mybatis.spring.SqlSessionTemplate.selectList(SqlSessionTemplate.java:224)
	at com.baomidou.mybatisplus.core.override.MybatisMapperMethod.executeForMany(MybatisMapperMethod.java:164)
	at com.baomidou.mybatisplus.core.override.MybatisMapperMethod.execute(MybatisMapperMethod.java:77)
	at com.baomidou.mybatisplus.core.override.MybatisMapperProxy$PlainMethodInvoker.invoke(MybatisMapperProxy.java:149)
	at com.baomidou.mybatisplus.core.override.MybatisMapperProxy.invoke(MybatisMapperProxy.java:90)
	at jdk.proxy3/jdk.proxy3.$Proxy107.selectList(Unknown Source)
	at com.baomidou.mybatisplus.core.mapper.BaseMapper.selectOne(BaseMapper.java:223)
	at java.base/java.lang.invoke.MethodHandle.invokeWithArguments(MethodHandle.java:732)
	at com.baomidou.mybatisplus.core.override.MybatisMapperProxy$DefaultMethodInvoker.invoke(MybatisMapperProxy.java:163)
	at com.baomidou.mybatisplus.core.override.MybatisMapperProxy.invoke(MybatisMapperProxy.java:90)
	at jdk.proxy3/jdk.proxy3.$Proxy107.selectOne(Unknown Source)
	at com.baomidou.mybatisplus.core.mapper.BaseMapper.selectOne(BaseMapper.java:212)
	at java.base/java.lang.invoke.MethodHandle.invokeWithArguments(MethodHandle.java:732)
	at com.baomidou.mybatisplus.core.override.MybatisMapperProxy$DefaultMethodInvoker.invoke(MybatisMapperProxy.java:163)
	at com.baomidou.mybatisplus.core.override.MybatisMapperProxy.invoke(MybatisMapperProxy.java:90)
	at jdk.proxy3/jdk.proxy3.$Proxy107.selectOne(Unknown Source)
	at com.student.system.service.impl.AuthServiceImpl.login(AuthServiceImpl.java:49)
	at com.student.system.controller.AuthController.login(AuthController.java:33)
	at java.base/jdk.internal.reflect.NativeMethodAccessorImpl.invoke0(Native Method)
	at java.base/jdk.internal.reflect.NativeMethodAccessorImpl.invoke(NativeMethodAccessorImpl.java:77)
	at java.base/jdk.internal.reflect.DelegatingMethodAccessorImpl.invoke(DelegatingMethodAccessorImpl.java:43)
	at java.base/java.lang.reflect.Method.invoke(Method.java:569)
	at org.springframework.web.method.support.InvocableHandlerMethod.doInvoke(InvocableHandlerMethod.java:205)
	at org.springframework.web.method.support.InvocableHandlerMethod.invokeForRequest(InvocableHandlerMethod.java:150)
	at org.springframework.web.servlet.mvc.method.annotation.ServletInvocableHandlerMethod.invokeAndHandle(ServletInvocableHandlerMethod.java:118)
	at org.springframework.web.servlet.mvc.method.annotation.RequestMappingHandlerAdapter.invokeHandlerMethod(RequestMappingHandlerAdapter.java:884)
	at org.springframework.web.servlet.mvc.method.annotation.RequestMappingHandlerAdapter.handleInternal(RequestMappingHandlerAdapter.java:797)
	at org.springframework.web.servlet.mvc.method.AbstractHandlerMethodAdapter.handle(AbstractHandlerMethodAdapter.java:87)
	at org.springframework.web.servlet.DispatcherServlet.doDispatch(DispatcherServlet.java:1081)
	at org.springframework.web.servlet.DispatcherServlet.doService(DispatcherServlet.java:974)
	at org.springframework.web.servlet.FrameworkServlet.processRequest(FrameworkServlet.java:1014)
	at org.springframework.web.servlet.FrameworkServlet.doPost(FrameworkServlet.java:914)
	at jakarta.servlet.http.HttpServlet.service(HttpServlet.java:590)
	at org.springframework.web.servlet.FrameworkServlet.service(FrameworkServlet.java:885)
	at jakarta.servlet.http.HttpServlet.service(HttpServlet.java:658)
	at org.apache.catalina.core.ApplicationFilterChain.internalDoFilter(ApplicationFilterChain.java:205)
	at org.apache.catalina.core.ApplicationFilterChain.doFilter(ApplicationFilterChain.java:149)
	at org.apache.tomcat.websocket.server.WsFilter.doFilter(WsFilter.java:51)
	at org.apache.catalina.core.ApplicationFilterChain.internalDoFilter(ApplicationFilterChain.java:174)
	at org.apache.catalina.core.ApplicationFilterChain.doFilter(ApplicationFilterChain.java:149)
	at org.springframework.web.filter.CorsFilter.doFilterInternal(CorsFilter.java:91)
	at org.springframework.web.filter.OncePerRequestFilter.doFilter(OncePerRequestFilter.java:116)
	at org.apache.catalina.core.ApplicationFilterChain.internalDoFilter(ApplicationFilterChain.java:174)
	at org.apache.catalina.core.ApplicationFilterChain.doFilter(ApplicationFilterChain.java:149)
	at org.springframework.web.filter.OncePerRequestFilter.doFilter(OncePerRequestFilter.java:110)
	at org.apache.catalina.core.ApplicationFilterChain.internalDoFilter(ApplicationFilterChain.java:174)
	at org.apache.catalina.core.ApplicationFilterChain.doFilter(ApplicationFilterChain.java:149)
	at org.springframework.security.web.FilterChainProxy.lambda$doFilterInternal$3(FilterChainProxy.java:231)
	at org.springframework.security.web.ObservationFilterChainDecorator$FilterObservation$SimpleFilterObservation.lambda$wrap$1(ObservationFilterChainDecorator.java:479)
	at org.springframework.security.web.ObservationFilterChainDecorator$AroundFilterObservation$SimpleAroundFilterObservation.lambda$wrap$1(ObservationFilterChainDecorator.java:340)
	at org.springframework.security.web.ObservationFilterChainDecorator.lambda$wrapSecured$0(ObservationFilterChainDecorator.java:82)
	at org.springframework.security.web.ObservationFilterChainDecorator$VirtualFilterChain.doFilter(ObservationFilterChainDecorator.java:128)
	at org.springframework.security.web.access.intercept.AuthorizationFilter.doFilter(AuthorizationFilter.java:100)
	at org.springframework.security.web.ObservationFilterChainDecorator$ObservationFilter.wrapFilter(ObservationFilterChainDecorator.java:240)
	at org.springframework.security.web.ObservationFilterChainDecorator$ObservationFilter.doFilter(ObservationFilterChainDecorator.java:227)
	at org.springframework.security.web.ObservationFilterChainDecorator$VirtualFilterChain.doFilter(ObservationFilterChainDecorator.java:137)
	at org.springframework.security.web.access.ExceptionTranslationFilter.doFilter(ExceptionTranslationFilter.java:126)
	at org.springframework.security.web.access.ExceptionTranslationFilter.doFilter(ExceptionTranslationFilter.java:120)
	at org.springframework.security.web.ObservationFilterChainDecorator$ObservationFilter.wrapFilter(ObservationFilterChainDecorator.java:240)
	at org.springframework.security.web.ObservationFilterChainDecorator$ObservationFilter.doFilter(ObservationFilterChainDecorator.java:227)
	at org.springframework.security.web.ObservationFilterChainDecorator$VirtualFilterChain.doFilter(ObservationFilterChainDecorator.java:137)
	at org.springframework.security.web.session.SessionManagementFilter.doFilter(SessionManagementFilter.java:131)
	at org.springframework.security.web.session.SessionManagementFilter.doFilter(SessionManagementFilter.java:85)
	at org.springframework.security.web.ObservationFilterChainDecorator$ObservationFilter.wrapFilter(ObservationFilterChainDecorator.java:240)
	at org.springframework.security.web.ObservationFilterChainDecorator$ObservationFilter.doFilter(ObservationFilterChainDecorator.java:227)
	at org.springframework.security.web.ObservationFilterChainDecorator$VirtualFilterChain.doFilter(ObservationFilterChainDecorator.java:137)
	at org.springframework.security.web.authentication.AnonymousAuthenticationFilter.doFilter(AnonymousAuthenticationFilter.java:100)
	at org.springframework.security.web.ObservationFilterChainDecorator$ObservationFilter.wrapFilter(ObservationFilterChainDecorator.java:240)
	at org.springframework.security.web.ObservationFilterChainDecorator$ObservationFilter.doFilter(ObservationFilterChainDecorator.java:227)
	at org.springframework.security.web.ObservationFilterChainDecorator$VirtualFilterChain.doFilter(ObservationFilterChainDecorator.java:137)
	at org.springframework.security.web.servletapi.SecurityContextHolderAwareRequestFilter.doFilter(SecurityContextHolderAwareRequestFilter.java:179)
	at org.springframework.security.web.ObservationFilterChainDecorator$ObservationFilter.wrapFilter(ObservationFilterChainDecorator.java:240)
	at org.springframework.security.web.ObservationFilterChainDecorator$ObservationFilter.doFilter(ObservationFilterChainDecorator.java:227)
	at org.springframework.security.web.ObservationFilterChainDecorator$VirtualFilterChain.doFilter(ObservationFilterChainDecorator.java:137)
	at org.springframework.security.web.savedrequest.RequestCacheAwareFilter.doFilter(RequestCacheAwareFilter.java:63)
	at org.springframework.security.web.ObservationFilterChainDecorator$ObservationFilter.wrapFilter(ObservationFilterChainDecorator.java:240)
	at org.springframework.security.web.ObservationFilterChainDecorator$ObservationFilter.doFilter(ObservationFilterChainDecorator.java:227)
	at org.springframework.security.web.ObservationFilterChainDecorator$VirtualFilterChain.doFilter(ObservationFilterChainDecorator.java:137)
	at com.student.system.security.JwtAuthenticationFilter.doFilterInternal(JwtAuthenticationFilter.java:97)
	at org.springframework.web.filter.OncePerRequestFilter.doFilter(OncePerRequestFilter.java:116)
	at org.springframework.security.web.ObservationFilterChainDecorator$ObservationFilter.wrapFilter(ObservationFilterChainDecorator.java:240)
	at org.springframework.security.web.ObservationFilterChainDecorator$ObservationFilter.doFilter(ObservationFilterChainDecorator.java:227)
	at org.springframework.security.web.ObservationFilterChainDecorator$VirtualFilterChain.doFilter(ObservationFilterChainDecorator.java:137)
	at org.springframework.security.web.authentication.logout.LogoutFilter.doFilter(LogoutFilter.java:107)
	at org.springframework.security.web.authentication.logout.LogoutFilter.doFilter(LogoutFilter.java:93)
	at org.springframework.security.web.ObservationFilterChainDecorator$ObservationFilter.wrapFilter(ObservationFilterChainDecorator.java:240)
	at org.springframework.security.web.ObservationFilterChainDecorator$ObservationFilter.doFilter(ObservationFilterChainDecorator.java:227)
	at org.springframework.security.web.ObservationFilterChainDecorator$VirtualFilterChain.doFilter(ObservationFilterChainDecorator.java:137)
	at org.springframework.security.web.header.HeaderWriterFilter.doHeadersAfter(HeaderWriterFilter.java:90)
	at org.springframework.security.web.header.HeaderWriterFilter.doFilterInternal(HeaderWriterFilter.java:75)
	at org.springframework.web.filter.OncePerRequestFilter.doFilter(OncePerRequestFilter.java:116)
	at org.springframework.security.web.ObservationFilterChainDecorator$ObservationFilter.wrapFilter(ObservationFilterChainDecorator.java:240)
	at org.springframework.security.web.ObservationFilterChainDecorator$ObservationFilter.doFilter(ObservationFilterChainDecorator.java:227)
	at org.springframework.security.web.ObservationFilterChainDecorator$VirtualFilterChain.doFilter(ObservationFilterChainDecorator.java:137)
	at org.springframework.security.web.context.SecurityContextHolderFilter.doFilter(SecurityContextHolderFilter.java:82)
	at org.springframework.security.web.context.SecurityContextHolderFilter.doFilter(SecurityContextHolderFilter.java:69)
	at org.springframework.security.web.ObservationFilterChainDecorator$ObservationFilter.wrapFilter(ObservationFilterChainDecorator.java:240)
	at org.springframework.security.web.ObservationFilterChainDecorator$ObservationFilter.doFilter(ObservationFilterChainDecorator.java:227)
	at org.springframework.security.web.ObservationFilterChainDecorator$VirtualFilterChain.doFilter(ObservationFilterChainDecorator.java:137)
	at org.springframework.security.web.context.request.async.WebAsyncManagerIntegrationFilter.doFilterInternal(WebAsyncManagerIntegrationFilter.java:62)
	at org.springframework.web.filter.OncePerRequestFilter.doFilter(OncePerRequestFilter.java:116)
	at org.springframework.security.web.ObservationFilterChainDecorator$ObservationFilter.wrapFilter(ObservationFilterChainDecorator.java:240)
	at org.springframework.security.web.ObservationFilterChainDecorator$ObservationFilter.doFilter(ObservationFilterChainDecorator.java:227)
	at org.springframework.security.web.ObservationFilterChainDecorator$VirtualFilterChain.doFilter(ObservationFilterChainDecorator.java:137)
	at org.springframework.security.web.session.DisableEncodeUrlFilter.doFilterInternal(DisableEncodeUrlFilter.java:42)
	at org.springframework.web.filter.OncePerRequestFilter.doFilter(OncePerRequestFilter.java:116)
	at org.springframework.security.web.ObservationFilterChainDecorator$ObservationFilter.wrapFilter(ObservationFilterChainDecorator.java:240)
	at org.springframework.security.web.ObservationFilterChainDecorator$AroundFilterObservation$SimpleAroundFilterObservation.lambda$wrap$0(ObservationFilterChainDecorator.java:323)
	at org.springframework.security.web.ObservationFilterChainDecorator$ObservationFilter.doFilter(ObservationFilterChainDecorator.java:224)
	at org.springframework.security.web.ObservationFilterChainDecorator$VirtualFilterChain.doFilter(ObservationFilterChainDecorator.java:137)
	at org.springframework.security.web.FilterChainProxy.doFilterInternal(FilterChainProxy.java:233)
	at org.springframework.security.web.FilterChainProxy.doFilter(FilterChainProxy.java:191)
	at org.springframework.web.filter.DelegatingFilterProxy.invokeDelegate(DelegatingFilterProxy.java:352)
	at org.springframework.web.filter.DelegatingFilterProxy.doFilter(DelegatingFilterProxy.java:268)
	at org.apache.catalina.core.ApplicationFilterChain.internalDoFilter(ApplicationFilterChain.java:174)
	at org.apache.catalina.core.ApplicationFilterChain.doFilter(ApplicationFilterChain.java:149)
	at org.springframework.web.filter.RequestContextFilter.doFilterInternal(RequestContextFilter.java:100)
	at org.springframework.web.filter.OncePerRequestFilter.doFilter(OncePerRequestFilter.java:116)
	at org.apache.catalina.core.ApplicationFilterChain.internalDoFilter(ApplicationFilterChain.java:174)
	at org.apache.catalina.core.ApplicationFilterChain.doFilter(ApplicationFilterChain.java:149)
	at org.springframework.web.filter.FormContentFilter.doFilterInternal(FormContentFilter.java:93)
	at org.springframework.web.filter.OncePerRequestFilter.doFilter(OncePerRequestFilter.java:116)
	at org.apache.catalina.core.ApplicationFilterChain.internalDoFilter(ApplicationFilterChain.java:174)
	at org.apache.catalina.core.ApplicationFilterChain.doFilter(ApplicationFilterChain.java:149)
	at org.springframework.web.filter.ServerHttpObservationFilter.doFilterInternal(ServerHttpObservationFilter.java:109)
	at org.springframework.web.filter.OncePerRequestFilter.doFilter(OncePerRequestFilter.java:116)
	at org.apache.catalina.core.ApplicationFilterChain.internalDoFilter(ApplicationFilterChain.java:174)
	at org.apache.catalina.core.ApplicationFilterChain.doFilter(ApplicationFilterChain.java:149)
	at org.springframework.web.filter.CharacterEncodingFilter.doFilterInternal(CharacterEncodingFilter.java:201)
	at org.springframework.web.filter.OncePerRequestFilter.doFilter(OncePerRequestFilter.java:116)
	at org.apache.catalina.core.ApplicationFilterChain.internalDoFilter(ApplicationFilterChain.java:174)
	at org.apache.catalina.core.ApplicationFilterChain.doFilter(ApplicationFilterChain.java:149)
	at org.apache.catalina.core.StandardWrapperValve.invoke(StandardWrapperValve.java:167)
	at org.apache.catalina.core.StandardContextValve.invoke(StandardContextValve.java:90)
	at org.apache.catalina.authenticator.AuthenticatorBase.invoke(AuthenticatorBase.java:482)
	at org.apache.catalina.core.StandardHostValve.invoke(StandardHostValve.java:115)
	at org.apache.catalina.valves.ErrorReportValve.invoke(ErrorReportValve.java:93)
	at org.apache.catalina.core.StandardEngineValve.invoke(StandardEngineValve.java:74)
	at org.apache.catalina.connector.CoyoteAdapter.service(CoyoteAdapter.java:340)
	at org.apache.coyote.http11.Http11Processor.service(Http11Processor.java:391)
	at org.apache.coyote.AbstractProcessorLight.process(AbstractProcessorLight.java:63)
	at org.apache.coyote.AbstractProtocol$ConnectionHandler.process(AbstractProtocol.java:896)
	at org.apache.tomcat.util.net.NioEndpoint$SocketProcessor.doRun(NioEndpoint.java:1744)
	at org.apache.tomcat.util.net.SocketProcessorBase.run(SocketProcessorBase.java:52)
	at org.apache.tomcat.util.threads.ThreadPoolExecutor.runWorker(ThreadPoolExecutor.java:1191)
	at org.apache.tomcat.util.threads.ThreadPoolExecutor$Worker.run(ThreadPoolExecutor.java:659)
	at org.apache.tomcat.util.threads.TaskThread$WrappingRunnable.run(TaskThread.java:61)
	at java.base/java.lang.Thread.run(Thread.java:840)
2026-01-21 19:44:54.926 [http-nio-8088-exec-6] INFO  com.student.system.controller.AuthController - 用户登录请求: admin
2026-01-21 19:44:54.933 [http-nio-8088-exec-6] DEBUG c.student.system.mapper.SysUserMapper.selectList - ==>  Preparing: SELECT id,username,password,nickname,email,phone,avatar,status,deleted,create_time,update_time FROM sys_user WHERE deleted=0 AND (username = ?)
2026-01-21 19:44:54.934 [http-nio-8088-exec-6] DEBUG c.student.system.mapper.SysUserMapper.selectList - ==> Parameters: admin(String)
2026-01-21 19:44:54.955 [http-nio-8088-exec-6] DEBUG c.student.system.mapper.SysUserMapper.selectList - <==      Total: 1
2026-01-21 19:44:55.074 [http-nio-8088-exec-6] ERROR com.student.system.service.impl.AuthServiceImpl - 密码错误: admin
2026-01-21 19:45:47.888 [http-nio-8088-exec-8] INFO  com.student.system.controller.AuthController - 用户登录请求: admin
2026-01-21 19:45:47.900 [http-nio-8088-exec-8] DEBUG c.student.system.mapper.SysUserMapper.selectList - ==>  Preparing: SELECT id,username,password,nickname,email,phone,avatar,status,deleted,create_time,update_time FROM sys_user WHERE deleted=0 AND (username = ?)
2026-01-21 19:45:47.902 [http-nio-8088-exec-8] DEBUG c.student.system.mapper.SysUserMapper.selectList - ==> Parameters: admin(String)
2026-01-21 19:45:47.910 [http-nio-8088-exec-8] DEBUG c.student.system.mapper.SysUserMapper.selectList - <==      Total: 1
2026-01-21 19:45:48.013 [http-nio-8088-exec-8] ERROR com.student.system.service.impl.AuthServiceImpl - 密码错误: admin
2026-01-21 19:47:10.051 [File Watcher] INFO  o.s.b.d.a.LocalDevToolsAutoConfiguration$RestartingClassPathChangeChangedEventListener - Restarting due to 1 class path change (0 additions, 0 deletions, 1 modification)
2026-01-21 19:47:11.080 [Thread-5] WARN  org.apache.tomcat.util.net.NioEndpoint - Failed to unlock acceptor for [http-nio-8088] because the local address was not available
2026-01-21 19:47:11.081 [Thread-5] INFO  org.apache.catalina.core.StandardService - Stopping service [Tomcat]
2026-01-21 19:47:11.080 [http-nio-8088-Acceptor] ERROR org.apache.tomcat.util.net.Acceptor - Socket accept failed
java.nio.channels.AsynchronousCloseException: null
	at java.base/java.nio.channels.spi.AbstractInterruptibleChannel.end(AbstractInterruptibleChannel.java:202)
	at java.base/sun.nio.ch.ServerSocketChannelImpl.end(ServerSocketChannelImpl.java:376)
	at java.base/sun.nio.ch.ServerSocketChannelImpl.accept(ServerSocketChannelImpl.java:399)
	at org.apache.tomcat.util.net.NioEndpoint.serverSocketAccept(NioEndpoint.java:521)
	at org.apache.tomcat.util.net.NioEndpoint.serverSocketAccept(NioEndpoint.java:79)
	at org.apache.tomcat.util.net.Acceptor.run(Acceptor.java:128)
	at java.base/java.lang.Thread.run(Thread.java:840)
2026-01-21 19:47:11.084 [Thread-5] INFO  o.a.c.c.ContainerBase.[Tomcat].[localhost].[/api] - Destroying Spring FrameworkServlet 'dispatcherServlet'
2026-01-21 19:47:11.088 [Thread-5] WARN  org.apache.catalina.loader.WebappClassLoaderBase - The web application [api] appears to have started a thread named [lettuce-timer-3-1] but has failed to stop it. This is very likely to create a memory leak. Stack trace of thread:
 java.base@17.0.17/java.lang.Thread.sleep(Native Method)
 app//io.netty.util.HashedWheelTimer$Worker.waitForNextTick(HashedWheelTimer.java:600)
 app//io.netty.util.HashedWheelTimer$Worker.run(HashedWheelTimer.java:496)
 app//io.netty.util.concurrent.FastThreadLocalRunnable.run(FastThreadLocalRunnable.java:30)
 java.base@17.0.17/java.lang.Thread.run(Thread.java:840)
2026-01-21 19:47:11.089 [Thread-5] WARN  org.apache.catalina.loader.WebappClassLoaderBase - The web application [api] appears to have started a thread named [StudentSystemHikariCP housekeeper] but has failed to stop it. This is very likely to create a memory leak. Stack trace of thread:
 java.base@17.0.17/jdk.internal.misc.Unsafe.park(Native Method)
 java.base@17.0.17/java.util.concurrent.locks.LockSupport.parkNanos(LockSupport.java:252)
 java.base@17.0.17/java.util.concurrent.locks.AbstractQueuedSynchronizer$ConditionObject.awaitNanos(AbstractQueuedSynchronizer.java:1679)
 java.base@17.0.17/java.util.concurrent.ScheduledThreadPoolExecutor$DelayedWorkQueue.take(ScheduledThreadPoolExecutor.java:1182)
 java.base@17.0.17/java.util.concurrent.ScheduledThreadPoolExecutor$DelayedWorkQueue.take(ScheduledThreadPoolExecutor.java:899)
 java.base@17.0.17/java.util.concurrent.ThreadPoolExecutor.getTask(ThreadPoolExecutor.java:1062)
 java.base@17.0.17/java.util.concurrent.ThreadPoolExecutor.runWorker(ThreadPoolExecutor.java:1122)
 java.base@17.0.17/java.util.concurrent.ThreadPoolExecutor$Worker.run(ThreadPoolExecutor.java:635)
 java.base@17.0.17/java.lang.Thread.run(Thread.java:840)
2026-01-21 19:47:11.104 [Thread-5] INFO  com.zaxxer.hikari.HikariDataSource - StudentSystemHikariCP - Shutdown initiated...
2026-01-21 19:47:11.113 [Thread-5] INFO  com.zaxxer.hikari.HikariDataSource - StudentSystemHikariCP - Shutdown completed.
2026-01-21 19:47:11.185 [restartedMain] INFO  com.student.system.StudentSystemApplication - Starting StudentSystemApplication using Java 17.0.17 with PID 13771 (/Users/jay/Desktop/project/backend/target/classes started by jay in /Users/jay/Desktop/project/backend)
2026-01-21 19:47:11.185 [restartedMain] DEBUG com.student.system.StudentSystemApplication - Running with Spring Boot v3.1.6, Spring v6.0.14
2026-01-21 19:47:11.185 [restartedMain] INFO  com.student.system.StudentSystemApplication - No active profile set, falling back to 1 default profile: "default"
2026-01-21 19:47:11.332 [restartedMain] INFO  o.s.d.r.config.RepositoryConfigurationDelegate - Multiple Spring Data modules found, entering strict repository configuration mode
2026-01-21 19:47:11.332 [restartedMain] INFO  o.s.d.r.config.RepositoryConfigurationDelegate - Bootstrapping Spring Data Redis repositories in DEFAULT mode.
2026-01-21 19:47:11.335 [restartedMain] INFO  o.s.d.r.config.RepositoryConfigurationDelegate - Finished Spring Data repository scanning in 3 ms. Found 0 Redis repository interfaces.
2026-01-21 19:47:11.447 [restartedMain] INFO  o.s.boot.web.embedded.tomcat.TomcatWebServer - Tomcat initialized with port(s): 8088 (http)
2026-01-21 19:47:11.448 [restartedMain] INFO  org.apache.catalina.core.StandardService - Starting service [Tomcat]
2026-01-21 19:47:11.448 [restartedMain] INFO  org.apache.catalina.core.StandardEngine - Starting Servlet engine: [Apache Tomcat/10.1.16]
2026-01-21 19:47:11.452 [restartedMain] INFO  o.a.c.c.ContainerBase.[Tomcat].[localhost].[/api] - Initializing Spring embedded WebApplicationContext
2026-01-21 19:47:11.452 [restartedMain] INFO  o.s.b.w.s.c.ServletWebServerApplicationContext - Root WebApplicationContext: initialization completed in 266 ms
2026-01-21 19:47:11.569 [restartedMain] DEBUG c.student.system.security.JwtAuthenticationFilter - Filter 'jwtAuthenticationFilter' configured for use
2026-01-21 19:47:11.749 [restartedMain] INFO  o.s.b.actuate.endpoint.web.EndpointLinksResolver - Exposing 4 endpoint(s) beneath base path '/actuator'
2026-01-21 19:47:11.800 [restartedMain] INFO  o.s.security.web.DefaultSecurityFilterChain - Will secure any request with [org.springframework.security.web.session.DisableEncodeUrlFilter@5143ae58, org.springframework.security.web.context.request.async.WebAsyncManagerIntegrationFilter@445ef9cc, org.springframework.security.web.context.SecurityContextHolderFilter@5476888e, org.springframework.security.web.header.HeaderWriterFilter@6130cd02, org.springframework.security.web.authentication.logout.LogoutFilter@29678df9, com.student.system.security.JwtAuthenticationFilter@7e9eca0a, org.springframework.security.web.savedrequest.RequestCacheAwareFilter@d1a6238, org.springframework.security.web.servletapi.SecurityContextHolderAwareRequestFilter@6a25f644, org.springframework.security.web.authentication.AnonymousAuthenticationFilter@22808051, org.springframework.security.web.session.SessionManagementFilter@1446febf, org.springframework.security.web.access.ExceptionTranslationFilter@285e3d6d, org.springframework.security.web.access.intercept.AuthorizationFilter@32606e3b]
2026-01-21 19:47:11.990 [restartedMain] INFO  o.s.b.d.autoconfigure.OptionalLiveReloadServer - LiveReload server is running on port 35729
2026-01-21 19:47:12.011 [restartedMain] INFO  o.s.boot.web.embedded.tomcat.TomcatWebServer - Tomcat started on port(s): 8088 (http) with context path '/api'
2026-01-21 19:47:12.017 [restartedMain] INFO  com.student.system.StudentSystemApplication - Started StudentSystemApplication in 0.848 seconds (process running for 407.3)
2026-01-21 19:47:12.018 [restartedMain] INFO  o.s.b.d.a.ConditionEvaluationDeltaLoggingListener - Condition evaluation unchanged
2026-01-21 19:47:26.540 [File Watcher] INFO  o.s.b.d.a.LocalDevToolsAutoConfiguration$RestartingClassPathChangeChangedEventListener - Restarting due to 1 class path change (0 additions, 0 deletions, 1 modification)
2026-01-21 19:47:27.557 [Thread-7] WARN  org.apache.tomcat.util.net.NioEndpoint - Failed to unlock acceptor for [http-nio-8088] because the local address was not available
2026-01-21 19:47:27.558 [Thread-7] INFO  org.apache.catalina.core.StandardService - Stopping service [Tomcat]
2026-01-21 19:47:27.557 [http-nio-8088-Acceptor] ERROR org.apache.tomcat.util.net.Acceptor - Socket accept failed
java.nio.channels.AsynchronousCloseException: null
	at java.base/java.nio.channels.spi.AbstractInterruptibleChannel.end(AbstractInterruptibleChannel.java:202) ~[na:na]
	at java.base/sun.nio.ch.ServerSocketChannelImpl.end(ServerSocketChannelImpl.java:376) ~[na:na]
	at java.base/sun.nio.ch.ServerSocketChannelImpl.accept(ServerSocketChannelImpl.java:399) ~[na:na]
	at org.apache.tomcat.util.net.NioEndpoint.serverSocketAccept(NioEndpoint.java:521) ~[tomcat-embed-core-10.1.16.jar:10.1.16]
	at org.apache.tomcat.util.net.NioEndpoint.serverSocketAccept(NioEndpoint.java:79) ~[tomcat-embed-core-10.1.16.jar:10.1.16]
	at org.apache.tomcat.util.net.Acceptor.run(Acceptor.java:128) ~[tomcat-embed-core-10.1.16.jar:10.1.16]
	at java.base/java.lang.Thread.run(Thread.java:840) ~[na:na]
2026-01-21 19:47:27.562 [Thread-7] WARN  org.apache.catalina.loader.WebappClassLoaderBase - The web application [api] appears to have started a thread named [lettuce-timer-5-1] but has failed to stop it. This is very likely to create a memory leak. Stack trace of thread:
 java.base@17.0.17/java.lang.Thread.sleep(Native Method)
 app//io.netty.util.HashedWheelTimer$Worker.waitForNextTick(HashedWheelTimer.java:600)
 app//io.netty.util.HashedWheelTimer$Worker.run(HashedWheelTimer.java:496)
 app//io.netty.util.concurrent.FastThreadLocalRunnable.run(FastThreadLocalRunnable.java:30)
 java.base@17.0.17/java.lang.Thread.run(Thread.java:840)
2026-01-21 19:47:27.647 [restartedMain] INFO  com.student.system.StudentSystemApplication - Starting StudentSystemApplication using Java 17.0.17 with PID 13771 (/Users/jay/Desktop/project/backend/target/classes started by jay in /Users/jay/Desktop/project/backend)
2026-01-21 19:47:27.647 [restartedMain] DEBUG com.student.system.StudentSystemApplication - Running with Spring Boot v3.1.6, Spring v6.0.14
2026-01-21 19:47:27.647 [restartedMain] INFO  com.student.system.StudentSystemApplication - No active profile set, falling back to 1 default profile: "default"
2026-01-21 19:47:27.792 [restartedMain] INFO  o.s.d.r.config.RepositoryConfigurationDelegate - Multiple Spring Data modules found, entering strict repository configuration mode
2026-01-21 19:47:27.792 [restartedMain] INFO  o.s.d.r.config.RepositoryConfigurationDelegate - Bootstrapping Spring Data Redis repositories in DEFAULT mode.
2026-01-21 19:47:27.796 [restartedMain] INFO  o.s.d.r.config.RepositoryConfigurationDelegate - Finished Spring Data repository scanning in 3 ms. Found 0 Redis repository interfaces.
2026-01-21 19:47:27.959 [restartedMain] INFO  o.s.boot.web.embedded.tomcat.TomcatWebServer - Tomcat initialized with port(s): 8088 (http)
2026-01-21 19:47:27.960 [restartedMain] INFO  org.apache.catalina.core.StandardService - Starting service [Tomcat]
2026-01-21 19:47:27.960 [restartedMain] INFO  org.apache.catalina.core.StandardEngine - Starting Servlet engine: [Apache Tomcat/10.1.16]
2026-01-21 19:47:27.965 [restartedMain] INFO  o.a.c.c.ContainerBase.[Tomcat].[localhost].[/api] - Initializing Spring embedded WebApplicationContext
2026-01-21 19:47:27.966 [restartedMain] INFO  o.s.b.w.s.c.ServletWebServerApplicationContext - Root WebApplicationContext: initialization completed in 318 ms
2026-01-21 19:47:28.097 [restartedMain] DEBUG c.student.system.security.JwtAuthenticationFilter - Filter 'jwtAuthenticationFilter' configured for use
2026-01-21 19:47:28.284 [restartedMain] INFO  o.s.b.actuate.endpoint.web.EndpointLinksResolver - Exposing 4 endpoint(s) beneath base path '/actuator'
2026-01-21 19:47:28.338 [restartedMain] INFO  o.s.security.web.DefaultSecurityFilterChain - Will secure any request with [org.springframework.security.web.session.DisableEncodeUrlFilter@6dd139f, org.springframework.security.web.context.request.async.WebAsyncManagerIntegrationFilter@316fac6, org.springframework.security.web.context.SecurityContextHolderFilter@7d27dbbd, org.springframework.security.web.header.HeaderWriterFilter@3b264c1, org.springframework.security.web.authentication.logout.LogoutFilter@39378f25, com.student.system.security.JwtAuthenticationFilter@2f7a39b7, org.springframework.security.web.savedrequest.RequestCacheAwareFilter@55416771, org.springframework.security.web.servletapi.SecurityContextHolderAwareRequestFilter@45c59574, org.springframework.security.web.authentication.AnonymousAuthenticationFilter@7c16e0cc, org.springframework.security.web.session.SessionManagementFilter@3ff01096, org.springframework.security.web.access.ExceptionTranslationFilter@3ae25595, org.springframework.security.web.access.intercept.AuthorizationFilter@e144a3e]
2026-01-21 19:47:28.521 [restartedMain] INFO  o.s.b.d.autoconfigure.OptionalLiveReloadServer - LiveReload server is running on port 35729
2026-01-21 19:47:28.549 [restartedMain] INFO  o.s.boot.web.embedded.tomcat.TomcatWebServer - Tomcat started on port(s): 8088 (http) with context path '/api'
2026-01-21 19:47:28.555 [restartedMain] INFO  com.student.system.StudentSystemApplication - Started StudentSystemApplication in 0.921 seconds (process running for 423.838)
2026-01-21 19:47:28.556 [restartedMain] INFO  o.s.b.d.a.ConditionEvaluationDeltaLoggingListener - Condition evaluation unchanged
2026-01-21 19:49:29.122 [File Watcher] INFO  o.s.b.d.a.LocalDevToolsAutoConfiguration$RestartingClassPathChangeChangedEventListener - Restarting due to 1 class path change (0 additions, 0 deletions, 1 modification)
2026-01-21 19:49:30.137 [Thread-11] WARN  org.apache.tomcat.util.net.NioEndpoint - Failed to unlock acceptor for [http-nio-8088] because the local address was not available
2026-01-21 19:49:30.137 [Thread-11] INFO  org.apache.catalina.core.StandardService - Stopping service [Tomcat]
2026-01-21 19:49:30.137 [http-nio-8088-Acceptor] ERROR org.apache.tomcat.util.net.Acceptor - Socket accept failed
java.nio.channels.AsynchronousCloseException: null
	at java.base/java.nio.channels.spi.AbstractInterruptibleChannel.end(AbstractInterruptibleChannel.java:202) ~[na:na]
	at java.base/sun.nio.ch.ServerSocketChannelImpl.end(ServerSocketChannelImpl.java:376) ~[na:na]
	at java.base/sun.nio.ch.ServerSocketChannelImpl.accept(ServerSocketChannelImpl.java:399) ~[na:na]
	at org.apache.tomcat.util.net.NioEndpoint.serverSocketAccept(NioEndpoint.java:521) ~[tomcat-embed-core-10.1.16.jar:10.1.16]
	at org.apache.tomcat.util.net.NioEndpoint.serverSocketAccept(NioEndpoint.java:79) ~[tomcat-embed-core-10.1.16.jar:10.1.16]
	at org.apache.tomcat.util.net.Acceptor.run(Acceptor.java:128) ~[tomcat-embed-core-10.1.16.jar:10.1.16]
	at java.base/java.lang.Thread.run(Thread.java:840) ~[na:na]
2026-01-21 19:49:30.141 [Thread-11] WARN  org.apache.catalina.loader.WebappClassLoaderBase - The web application [api] appears to have started a thread named [lettuce-timer-7-1] but has failed to stop it. This is very likely to create a memory leak. Stack trace of thread:
 java.base@17.0.17/java.lang.Thread.sleep(Native Method)
 app//io.netty.util.HashedWheelTimer$Worker.waitForNextTick(HashedWheelTimer.java:600)
 app//io.netty.util.HashedWheelTimer$Worker.run(HashedWheelTimer.java:496)
 app//io.netty.util.concurrent.FastThreadLocalRunnable.run(FastThreadLocalRunnable.java:30)
 java.base@17.0.17/java.lang.Thread.run(Thread.java:840)
2026-01-21 19:49:30.210 [restartedMain] INFO  com.student.system.StudentSystemApplication - Starting StudentSystemApplication using Java 17.0.17 with PID 13771 (/Users/jay/Desktop/project/backend/target/classes started by jay in /Users/jay/Desktop/project/backend)
2026-01-21 19:49:30.210 [restartedMain] DEBUG com.student.system.StudentSystemApplication - Running with Spring Boot v3.1.6, Spring v6.0.14
2026-01-21 19:49:30.210 [restartedMain] INFO  com.student.system.StudentSystemApplication - No active profile set, falling back to 1 default profile: "default"
2026-01-21 19:49:30.339 [restartedMain] INFO  o.s.d.r.config.RepositoryConfigurationDelegate - Multiple Spring Data modules found, entering strict repository configuration mode
2026-01-21 19:49:30.339 [restartedMain] INFO  o.s.d.r.config.RepositoryConfigurationDelegate - Bootstrapping Spring Data Redis repositories in DEFAULT mode.
2026-01-21 19:49:30.342 [restartedMain] INFO  o.s.d.r.config.RepositoryConfigurationDelegate - Finished Spring Data repository scanning in 2 ms. Found 0 Redis repository interfaces.
2026-01-21 19:49:30.449 [restartedMain] INFO  o.s.boot.web.embedded.tomcat.TomcatWebServer - Tomcat initialized with port(s): 8088 (http)
2026-01-21 19:49:30.450 [restartedMain] INFO  org.apache.catalina.core.StandardService - Starting service [Tomcat]
2026-01-21 19:49:30.450 [restartedMain] INFO  org.apache.catalina.core.StandardEngine - Starting Servlet engine: [Apache Tomcat/10.1.16]
2026-01-21 19:49:30.454 [restartedMain] INFO  o.a.c.c.ContainerBase.[Tomcat].[localhost].[/api] - Initializing Spring embedded WebApplicationContext
2026-01-21 19:49:30.454 [restartedMain] INFO  o.s.b.w.s.c.ServletWebServerApplicationContext - Root WebApplicationContext: initialization completed in 243 ms
2026-01-21 19:49:30.566 [restartedMain] DEBUG c.student.system.security.JwtAuthenticationFilter - Filter 'jwtAuthenticationFilter' configured for use
2026-01-21 19:49:30.739 [restartedMain] INFO  o.s.b.actuate.endpoint.web.EndpointLinksResolver - Exposing 4 endpoint(s) beneath base path '/actuator'
2026-01-21 19:49:30.790 [restartedMain] INFO  o.s.security.web.DefaultSecurityFilterChain - Will secure any request with [org.springframework.security.web.session.DisableEncodeUrlFilter@50ef3b1, org.springframework.security.web.context.request.async.WebAsyncManagerIntegrationFilter@6adfa581, org.springframework.security.web.context.SecurityContextHolderFilter@13747ca, org.springframework.security.web.header.HeaderWriterFilter@26dee728, org.springframework.security.web.authentication.logout.LogoutFilter@2239a0f9, com.student.system.security.JwtAuthenticationFilter@24a9ac42, org.springframework.security.web.savedrequest.RequestCacheAwareFilter@416eaccc, org.springframework.security.web.servletapi.SecurityContextHolderAwareRequestFilter@10d8e46e, org.springframework.security.web.authentication.AnonymousAuthenticationFilter@57e228f4, org.springframework.security.web.session.SessionManagementFilter@211519f1, org.springframework.security.web.access.ExceptionTranslationFilter@3b0f62d2, org.springframework.security.web.access.intercept.AuthorizationFilter@41290d84]
2026-01-21 19:49:30.963 [restartedMain] INFO  o.s.b.d.autoconfigure.OptionalLiveReloadServer - LiveReload server is running on port 35729
2026-01-21 19:49:30.989 [restartedMain] INFO  o.s.boot.web.embedded.tomcat.TomcatWebServer - Tomcat started on port(s): 8088 (http) with context path '/api'
2026-01-21 19:49:30.994 [restartedMain] INFO  com.student.system.StudentSystemApplication - Started StudentSystemApplication in 0.797 seconds (process running for 546.279)
2026-01-21 19:49:30.995 [restartedMain] INFO  o.s.b.d.a.ConditionEvaluationDeltaLoggingListener - Condition evaluation unchanged
2026-01-21 19:50:01.294 [restartedMain] INFO  com.student.system.StudentSystemApplication - Starting StudentSystemApplication using Java 17.0.17 with PID 20360 (/Users/jay/Desktop/project/backend/target/classes started by jay in /Users/jay/Desktop/project/backend)
2026-01-21 19:50:01.295 [restartedMain] DEBUG com.student.system.StudentSystemApplication - Running with Spring Boot v3.1.6, Spring v6.0.14
2026-01-21 19:50:01.295 [restartedMain] INFO  com.student.system.StudentSystemApplication - No active profile set, falling back to 1 default profile: "default"
2026-01-21 19:50:01.320 [restartedMain] INFO  o.s.b.d.env.DevToolsPropertyDefaultsPostProcessor - Devtools property defaults active! Set 'spring.devtools.add-properties' to 'false' to disable
2026-01-21 19:50:01.321 [restartedMain] INFO  o.s.b.d.env.DevToolsPropertyDefaultsPostProcessor - For additional web related logging consider setting the 'logging.level.web' property to 'DEBUG'
2026-01-21 19:50:01.847 [restartedMain] INFO  o.s.d.r.config.RepositoryConfigurationDelegate - Multiple Spring Data modules found, entering strict repository configuration mode
2026-01-21 19:50:01.848 [restartedMain] INFO  o.s.d.r.config.RepositoryConfigurationDelegate - Bootstrapping Spring Data Redis repositories in DEFAULT mode.
2026-01-21 19:50:01.876 [restartedMain] INFO  o.s.d.r.config.RepositoryConfigurationDelegate - Finished Spring Data repository scanning in 16 ms. Found 0 Redis repository interfaces.
2026-01-21 19:50:02.398 [restartedMain] INFO  o.s.boot.web.embedded.tomcat.TomcatWebServer - Tomcat initialized with port(s): 8088 (http)
2026-01-21 19:50:02.404 [restartedMain] INFO  org.apache.catalina.core.StandardService - Starting service [Tomcat]
2026-01-21 19:50:02.404 [restartedMain] INFO  org.apache.catalina.core.StandardEngine - Starting Servlet engine: [Apache Tomcat/10.1.16]
2026-01-21 19:50:02.435 [restartedMain] INFO  o.a.c.c.ContainerBase.[Tomcat].[localhost].[/api] - Initializing Spring embedded WebApplicationContext
2026-01-21 19:50:02.435 [restartedMain] INFO  o.s.b.w.s.c.ServletWebServerApplicationContext - Root WebApplicationContext: initialization completed in 1114 ms
2026-01-21 19:50:02.861 [restartedMain] DEBUG c.student.system.security.JwtAuthenticationFilter - Filter 'jwtAuthenticationFilter' configured for use
2026-01-21 19:50:03.179 [restartedMain] INFO  o.s.b.actuate.endpoint.web.EndpointLinksResolver - Exposing 4 endpoint(s) beneath base path '/actuator'
2026-01-21 19:50:03.241 [restartedMain] INFO  o.s.security.web.DefaultSecurityFilterChain - Will secure any request with [org.springframework.security.web.session.DisableEncodeUrlFilter@3841fdfe, org.springframework.security.web.context.request.async.WebAsyncManagerIntegrationFilter@6b3f78d, org.springframework.security.web.context.SecurityContextHolderFilter@5491119, org.springframework.security.web.header.HeaderWriterFilter@73e43dd9, org.springframework.security.web.authentication.logout.LogoutFilter@1cd56700, com.student.system.security.JwtAuthenticationFilter@35b7e6e0, org.springframework.security.web.savedrequest.RequestCacheAwareFilter@66f685d5, org.springframework.security.web.servletapi.SecurityContextHolderAwareRequestFilter@266481ba, org.springframework.security.web.authentication.AnonymousAuthenticationFilter@4fe420ef, org.springframework.security.web.session.SessionManagementFilter@479920f3, org.springframework.security.web.access.ExceptionTranslationFilter@616374e0, org.springframework.security.web.access.intercept.AuthorizationFilter@1645012a]
2026-01-21 19:50:03.552 [restartedMain] INFO  o.s.b.d.autoconfigure.OptionalLiveReloadServer - LiveReload server is running on port 35729
2026-01-21 19:50:03.609 [restartedMain] INFO  o.s.boot.web.embedded.tomcat.TomcatWebServer - Tomcat started on port(s): 8088 (http) with context path '/api'
2026-01-21 19:50:03.619 [restartedMain] INFO  com.student.system.StudentSystemApplication - Started StudentSystemApplication in 2.542 seconds (process running for 2.75)
2026-01-21 19:50:06.883 [http-nio-8088-exec-1] INFO  o.a.c.c.ContainerBase.[Tomcat].[localhost].[/api] - Initializing Spring DispatcherServlet 'dispatcherServlet'
2026-01-21 19:50:06.884 [http-nio-8088-exec-1] INFO  org.springframework.web.servlet.DispatcherServlet - Initializing Servlet 'dispatcherServlet'
2026-01-21 19:50:06.885 [http-nio-8088-exec-1] INFO  org.springframework.web.servlet.DispatcherServlet - Completed initialization in 1 ms
2026-01-21 19:50:06.901 [http-nio-8088-exec-1] WARN  o.s.web.servlet.handler.HandlerMappingIntrospector - Cache miss for REQUEST dispatch to '/api/test/password' (previous null). Performing MatchableHandlerMapping lookup. This is logged once only at WARN level, and every time at TRACE.
2026-01-21 19:50:07.214 [http-nio-8088-exec-1] INFO  com.student.system.controller.TestController - 密码测试 - Raw: admin123, Encoded: $2a$10$N.zmdr9k7uOCQb376NoUnuTJ8iAt6Z5EHsM8lE9lBOsl7iKCP6ene, Matches: false
2026-01-21 19:50:33.352 [http-nio-8088-exec-2] WARN  o.s.security.crypto.bcrypt.BCryptPasswordEncoder - Empty encoded password
2026-01-21 19:50:33.458 [http-nio-8088-exec-2] WARN  o.s.security.crypto.bcrypt.BCryptPasswordEncoder - Empty encoded password
2026-01-21 19:50:33.458 [http-nio-8088-exec-2] INFO  com.student.system.controller.TestController - 密码测试 - Raw: admin123, Encoded: , Matches: false
2026-01-21 19:50:50.162 [http-nio-8088-exec-4] INFO  com.student.system.controller.AuthController - 用户登录请求: admin
2026-01-21 19:50:50.216 [http-nio-8088-exec-4] INFO  com.zaxxer.hikari.HikariDataSource - StudentSystemHikariCP - Starting...
2026-01-21 19:50:50.347 [http-nio-8088-exec-4] INFO  com.zaxxer.hikari.pool.HikariPool - StudentSystemHikariCP - Added connection com.mysql.cj.jdbc.ConnectionImpl@3d114811
2026-01-21 19:50:50.349 [http-nio-8088-exec-4] INFO  com.zaxxer.hikari.HikariDataSource - StudentSystemHikariCP - Start completed.
2026-01-21 19:50:50.354 [http-nio-8088-exec-4] DEBUG c.student.system.mapper.SysUserMapper.selectList - ==>  Preparing: SELECT id,username,password,nickname,email,phone,avatar,status,deleted,create_time,update_time FROM sys_user WHERE deleted=0 AND (username = ?)
2026-01-21 19:50:50.365 [http-nio-8088-exec-4] DEBUG c.student.system.mapper.SysUserMapper.selectList - ==> Parameters: admin(String)
2026-01-21 19:50:50.377 [http-nio-8088-exec-4] DEBUG c.student.system.mapper.SysUserMapper.selectList - <==      Total: 1
2026-01-21 19:50:50.471 [http-nio-8088-exec-4] DEBUG c.s.s.mapper.SysUserMapper.selectRoleCodesByUserId - ==>  Preparing: SELECT r.role_code FROM sys_role r INNER JOIN sys_user_role ur ON r.id = ur.role_id WHERE ur.user_id = ? AND r.status = 1
2026-01-21 19:50:50.472 [http-nio-8088-exec-4] DEBUG c.s.s.mapper.SysUserMapper.selectRoleCodesByUserId - ==> Parameters: 1(Long)
2026-01-21 19:50:50.484 [http-nio-8088-exec-4] DEBUG c.s.s.mapper.SysUserMapper.selectRoleCodesByUserId - <==      Total: 1
2026-01-21 19:50:50.485 [http-nio-8088-exec-4] DEBUG c.s.s.m.S.selectPermissionCodesByUserId - ==>  Preparing: SELECT DISTINCT p.permission_code FROM sys_permission p INNER JOIN sys_role_permission rp ON p.id = rp.permission_id INNER JOIN sys_user_role ur ON rp.role_id = ur.role_id WHERE ur.user_id = ?
2026-01-21 19:50:50.485 [http-nio-8088-exec-4] DEBUG c.s.s.m.S.selectPermissionCodesByUserId - ==> Parameters: 1(Long)
2026-01-21 19:50:50.490 [http-nio-8088-exec-4] DEBUG c.s.s.m.S.selectPermissionCodesByUserId - <==      Total: 9
2026-01-21 19:50:50.726 [http-nio-8088-exec-4] INFO  com.student.system.service.impl.AuthServiceImpl - 用户 admin 登录成功，Token已存入Redis
2026-01-21 19:51:01.799 [http-nio-8088-exec-6] WARN  o.s.security.crypto.bcrypt.BCryptPasswordEncoder - Empty encoded password
2026-01-21 19:51:01.909 [http-nio-8088-exec-6] WARN  o.s.security.crypto.bcrypt.BCryptPasswordEncoder - Empty encoded password
2026-01-21 19:51:01.909 [http-nio-8088-exec-6] INFO  com.student.system.controller.TestController - 密码测试 - Raw: teacher123, Encoded: , Matches: false
2026-01-21 19:51:11.324 [http-nio-8088-exec-8] WARN  o.s.security.crypto.bcrypt.BCryptPasswordEncoder - Empty encoded password
2026-01-21 19:51:11.419 [http-nio-8088-exec-8] WARN  o.s.security.crypto.bcrypt.BCryptPasswordEncoder - Empty encoded password
2026-01-21 19:51:11.419 [http-nio-8088-exec-8] INFO  com.student.system.controller.TestController - 密码测试 - Raw: student123, Encoded: , Matches: false
2026-01-21 19:52:01.408 [http-nio-8088-exec-10] INFO  com.student.system.controller.AuthController - 用户登录请求: admin
2026-01-21 19:52:01.418 [http-nio-8088-exec-10] DEBUG c.student.system.mapper.SysUserMapper.selectList - ==>  Preparing: SELECT id,username,password,nickname,email,phone,avatar,status,deleted,create_time,update_time FROM sys_user WHERE deleted=0 AND (username = ?)
2026-01-21 19:52:01.419 [http-nio-8088-exec-10] DEBUG c.student.system.mapper.SysUserMapper.selectList - ==> Parameters: admin(String)
2026-01-21 19:52:01.423 [http-nio-8088-exec-10] DEBUG c.student.system.mapper.SysUserMapper.selectList - <==      Total: 1
2026-01-21 19:52:01.533 [http-nio-8088-exec-10] DEBUG c.s.s.mapper.SysUserMapper.selectRoleCodesByUserId - ==>  Preparing: SELECT r.role_code FROM sys_role r INNER JOIN sys_user_role ur ON r.id = ur.role_id WHERE ur.user_id = ? AND r.status = 1
2026-01-21 19:52:01.533 [http-nio-8088-exec-10] DEBUG c.s.s.mapper.SysUserMapper.selectRoleCodesByUserId - ==> Parameters: 1(Long)
2026-01-21 19:52:01.535 [http-nio-8088-exec-10] DEBUG c.s.s.mapper.SysUserMapper.selectRoleCodesByUserId - <==      Total: 1
2026-01-21 19:52:01.535 [http-nio-8088-exec-10] DEBUG c.s.s.m.S.selectPermissionCodesByUserId - ==>  Preparing: SELECT DISTINCT p.permission_code FROM sys_permission p INNER JOIN sys_role_permission rp ON p.id = rp.permission_id INNER JOIN sys_user_role ur ON rp.role_id = ur.role_id WHERE ur.user_id = ?
2026-01-21 19:52:01.535 [http-nio-8088-exec-10] DEBUG c.s.s.m.S.selectPermissionCodesByUserId - ==> Parameters: 1(Long)
2026-01-21 19:52:01.538 [http-nio-8088-exec-10] DEBUG c.s.s.m.S.selectPermissionCodesByUserId - <==      Total: 9
2026-01-21 19:52:01.547 [http-nio-8088-exec-10] INFO  com.student.system.service.impl.AuthServiceImpl - 用户 admin 登录成功，Token已存入Redis
2026-01-21 19:52:08.287 [http-nio-8088-exec-2] INFO  com.student.system.controller.AuthController - 用户登录请求: teacher
2026-01-21 19:52:08.290 [http-nio-8088-exec-2] DEBUG c.student.system.mapper.SysUserMapper.selectList - ==>  Preparing: SELECT id,username,password,nickname,email,phone,avatar,status,deleted,create_time,update_time FROM sys_user WHERE deleted=0 AND (username = ?)
2026-01-21 19:52:08.290 [http-nio-8088-exec-2] DEBUG c.student.system.mapper.SysUserMapper.selectList - ==> Parameters: teacher(String)
2026-01-21 19:52:08.292 [http-nio-8088-exec-2] DEBUG c.student.system.mapper.SysUserMapper.selectList - <==      Total: 1
2026-01-21 19:52:08.388 [http-nio-8088-exec-2] DEBUG c.s.s.mapper.SysUserMapper.selectRoleCodesByUserId - ==>  Preparing: SELECT r.role_code FROM sys_role r INNER JOIN sys_user_role ur ON r.id = ur.role_id WHERE ur.user_id = ? AND r.status = 1
2026-01-21 19:52:08.389 [http-nio-8088-exec-2] DEBUG c.s.s.mapper.SysUserMapper.selectRoleCodesByUserId - ==> Parameters: 3(Long)
2026-01-21 19:52:08.391 [http-nio-8088-exec-2] DEBUG c.s.s.mapper.SysUserMapper.selectRoleCodesByUserId - <==      Total: 1
2026-01-21 19:52:08.391 [http-nio-8088-exec-2] DEBUG c.s.s.m.S.selectPermissionCodesByUserId - ==>  Preparing: SELECT DISTINCT p.permission_code FROM sys_permission p INNER JOIN sys_role_permission rp ON p.id = rp.permission_id INNER JOIN sys_user_role ur ON rp.role_id = ur.role_id WHERE ur.user_id = ?
2026-01-21 19:52:08.391 [http-nio-8088-exec-2] DEBUG c.s.s.m.S.selectPermissionCodesByUserId - ==> Parameters: 3(Long)
2026-01-21 19:52:08.393 [http-nio-8088-exec-2] DEBUG c.s.s.m.S.selectPermissionCodesByUserId - <==      Total: 4
2026-01-21 19:52:08.400 [http-nio-8088-exec-2] INFO  com.student.system.service.impl.AuthServiceImpl - 用户 teacher 登录成功，Token已存入Redis
2026-01-21 19:52:13.777 [http-nio-8088-exec-4] INFO  com.student.system.controller.AuthController - 用户登录请求: student
2026-01-21 19:52:13.780 [http-nio-8088-exec-4] DEBUG c.student.system.mapper.SysUserMapper.selectList - ==>  Preparing: SELECT id,username,password,nickname,email,phone,avatar,status,deleted,create_time,update_time FROM sys_user WHERE deleted=0 AND (username = ?)
2026-01-21 19:52:13.780 [http-nio-8088-exec-4] DEBUG c.student.system.mapper.SysUserMapper.selectList - ==> Parameters: student(String)
2026-01-21 19:52:13.782 [http-nio-8088-exec-4] DEBUG c.student.system.mapper.SysUserMapper.selectList - <==      Total: 1
2026-01-21 19:52:13.898 [http-nio-8088-exec-4] DEBUG c.s.s.mapper.SysUserMapper.selectRoleCodesByUserId - ==>  Preparing: SELECT r.role_code FROM sys_role r INNER JOIN sys_user_role ur ON r.id = ur.role_id WHERE ur.user_id = ? AND r.status = 1
2026-01-21 19:52:13.898 [http-nio-8088-exec-4] DEBUG c.s.s.mapper.SysUserMapper.selectRoleCodesByUserId - ==> Parameters: 4(Long)
2026-01-21 19:52:13.900 [http-nio-8088-exec-4] DEBUG c.s.s.mapper.SysUserMapper.selectRoleCodesByUserId - <==      Total: 1
2026-01-21 19:52:13.901 [http-nio-8088-exec-4] DEBUG c.s.s.m.S.selectPermissionCodesByUserId - ==>  Preparing: SELECT DISTINCT p.permission_code FROM sys_permission p INNER JOIN sys_role_permission rp ON p.id = rp.permission_id INNER JOIN sys_user_role ur ON rp.role_id = ur.role_id WHERE ur.user_id = ?
2026-01-21 19:52:13.901 [http-nio-8088-exec-4] DEBUG c.s.s.m.S.selectPermissionCodesByUserId - ==> Parameters: 4(Long)
2026-01-21 19:52:13.904 [http-nio-8088-exec-4] DEBUG c.s.s.m.S.selectPermissionCodesByUserId - <==      Total: 1
2026-01-21 19:52:13.906 [http-nio-8088-exec-4] INFO  com.student.system.service.impl.AuthServiceImpl - 用户 student 登录成功，Token已存入Redis
2026-01-21 20:01:21.827 [http-nio-8088-exec-6] INFO  com.student.system.controller.AuthController - 用户登录请求: admin
2026-01-21 20:01:21.839 [http-nio-8088-exec-6] DEBUG c.student.system.mapper.SysUserMapper.selectList - ==>  Preparing: SELECT id,username,password,nickname,email,phone,avatar,status,deleted,create_time,update_time FROM sys_user WHERE deleted=0 AND (username = ?)
2026-01-21 20:01:21.839 [http-nio-8088-exec-6] DEBUG c.student.system.mapper.SysUserMapper.selectList - ==> Parameters: admin(String)
2026-01-21 20:01:21.843 [http-nio-8088-exec-6] DEBUG c.student.system.mapper.SysUserMapper.selectList - <==      Total: 1
2026-01-21 20:01:21.937 [http-nio-8088-exec-6] DEBUG c.s.s.mapper.SysUserMapper.selectRoleCodesByUserId - ==>  Preparing: SELECT r.role_code FROM sys_role r INNER JOIN sys_user_role ur ON r.id = ur.role_id WHERE ur.user_id = ? AND r.status = 1
2026-01-21 20:01:21.937 [http-nio-8088-exec-6] DEBUG c.s.s.mapper.SysUserMapper.selectRoleCodesByUserId - ==> Parameters: 1(Long)
2026-01-21 20:01:21.941 [http-nio-8088-exec-6] DEBUG c.s.s.mapper.SysUserMapper.selectRoleCodesByUserId - <==      Total: 1
2026-01-21 20:01:21.941 [http-nio-8088-exec-6] DEBUG c.s.s.m.S.selectPermissionCodesByUserId - ==>  Preparing: SELECT DISTINCT p.permission_code FROM sys_permission p INNER JOIN sys_role_permission rp ON p.id = rp.permission_id INNER JOIN sys_user_role ur ON rp.role_id = ur.role_id WHERE ur.user_id = ?
2026-01-21 20:01:21.941 [http-nio-8088-exec-6] DEBUG c.s.s.m.S.selectPermissionCodesByUserId - ==> Parameters: 1(Long)
2026-01-21 20:01:21.944 [http-nio-8088-exec-6] DEBUG c.s.s.m.S.selectPermissionCodesByUserId - <==      Total: 9
2026-01-21 20:01:21.958 [http-nio-8088-exec-6] INFO  com.student.system.service.impl.AuthServiceImpl - 用户 admin 登录成功，Token已存入Redis
2026-01-21 20:01:54.882 [http-nio-8088-exec-8] DEBUG c.student.system.mapper.SysUserMapper.selectList - ==>  Preparing: SELECT id,username,password,nickname,email,phone,avatar,status,deleted,create_time,update_time FROM sys_user WHERE deleted=0 AND (username = ?)
2026-01-21 20:01:54.884 [http-nio-8088-exec-8] DEBUG c.student.system.mapper.SysUserMapper.selectList - ==> Parameters: admin(String)
2026-01-21 20:01:54.887 [http-nio-8088-exec-8] DEBUG c.student.system.mapper.SysUserMapper.selectList - <==      Total: 1
2026-01-21 20:01:54.888 [http-nio-8088-exec-8] DEBUG c.s.s.mapper.SysUserMapper.selectRoleCodesByUserId - ==>  Preparing: SELECT r.role_code FROM sys_role r INNER JOIN sys_user_role ur ON r.id = ur.role_id WHERE ur.user_id = ? AND r.status = 1
2026-01-21 20:01:54.888 [http-nio-8088-exec-8] DEBUG c.s.s.mapper.SysUserMapper.selectRoleCodesByUserId - ==> Parameters: 1(Long)
2026-01-21 20:01:54.891 [http-nio-8088-exec-8] DEBUG c.s.s.mapper.SysUserMapper.selectRoleCodesByUserId - <==      Total: 1
2026-01-21 20:01:54.891 [http-nio-8088-exec-8] INFO  c.student.system.security.UserDetailsServiceImpl - 用户 admin 的角色: [ROLE_ADMIN]
2026-01-21 20:01:54.891 [http-nio-8088-exec-8] DEBUG c.s.s.m.S.selectPermissionCodesByUserId - ==>  Preparing: SELECT DISTINCT p.permission_code FROM sys_permission p INNER JOIN sys_role_permission rp ON p.id = rp.permission_id INNER JOIN sys_user_role ur ON rp.role_id = ur.role_id WHERE ur.user_id = ?
2026-01-21 20:01:54.891 [http-nio-8088-exec-8] DEBUG c.s.s.m.S.selectPermissionCodesByUserId - ==> Parameters: 1(Long)
2026-01-21 20:01:54.893 [http-nio-8088-exec-8] DEBUG c.s.s.m.S.selectPermissionCodesByUserId - <==      Total: 9
2026-01-21 20:01:54.893 [http-nio-8088-exec-8] INFO  c.student.system.security.UserDetailsServiceImpl - 用户 admin 的权限: [user:view, user:add, user:edit, user:delete, student:view, student:add, student:edit, student:delete, score:manage]
2026-01-21 20:01:54.901 [http-nio-8088-exec-8] DEBUG c.student.system.security.JwtAuthenticationFilter - 用户 admin 认证成功
2026-01-21 20:01:54.931 [http-nio-8088-exec-8] INFO  com.student.system.controller.TestController - 管理员用户 admin 访问了 /test/admin
